/* Generated by packaging/generate_icons.py. */
#ifndef XFU_ICON_RGBA_H
#define XFU_ICON_RGBA_H
#define XFU_ICON_WIDTH 64
#define XFU_ICON_HEIGHT 64
static const unsigned char xfu_icon_rgba[] = {
    0x00, 0x00, 0x00, 0x00, 0x00, 0x00, 0x00, 0x00, 0x00, 0x00, 0x00, 0x00, 0x00, 0x00, 0x00, 0x00,
    0x00, 0x00, 0x00, 0x00, 0x00, 0x00, 0x00, 0x00, 0x00, 0x00, 0x00, 0x00, 0x00, 0x00, 0x00, 0x00,
    0x00, 0x00, 0x00, 0x00, 0x00, 0x00, 0x00, 0x00, 0x00, 0x00, 0x00, 0x00, 0x00, 0x00, 0x00, 0x01,
    0x00, 0x7f, 0x7f, 0x02, 0x00, 0x3f, 0x3f, 0x04, 0x00, 0x3f, 0x7f, 0x04, 0x00, 0x33, 0x66, 0x05,
    0x00, 0x33, 0x66, 0x05, 0x00, 0x33, 0x66, 0x05, 0x00, 0x33, 0x66, 0x05, 0x00, 0x33, 0x66, 0x05,
    0x00, 0x33, 0x66, 0x05, 0x00, 0x33, 0x66, 0x05, 0x00, 0x33, 0x66, 0x05, 0x00, 0x33, 0x66, 0x05,
    0x00, 0x33, 0x66, 0x05, 0x00, 0x33, 0x66, 0x05, 0x00, 0x33, 0x66, 0x05, 0x00, 0x33, 0x66, 0x05,
    0x00, 0x33, 0x66, 0x05, 0x00, 0x33, 0x66, 0x05, 0x00, 0x33, 0x66, 0x05, 0x00, 0x33, 0x66, 0x05,
    0x00, 0x33, 0x66, 0x05, 0x00, 0x33, 0x66, 0x05, 0x00, 0x33, 0x66, 0x05, 0x00, 0x33, 0x66, 0x05,
    0x00, 0x33, 0x66, 0x05, 0x00, 0x33, 0x66, 0x05, 0x00, 0x33, 0x66, 0x05, 0x00, 0x33, 0x66, 0x05,
    0x00, 0x33, 0x66, 0x05, 0x00, 0x33, 0x66, 0x05, 0x00, 0x33, 0x66, 0x05, 0x00, 0x33, 0x66, 0x05,
    0x00, 0x33, 0x66, 0x05, 0x00, 0x33, 0x66, 0x05, 0x00, 0x33, 0x66, 0x05, 0x00, 0x33, 0x66, 0x05,
    0x00, 0x33, 0x66, 0x05, 0x00, 0x3f, 0x7f, 0x04, 0x00, 0x3f, 0x3f, 0x04, 0x00, 0x7f, 0x7f, 0x02,
    0x00, 0x00, 0x00, 0x01, 0x00, 0x00, 0x00, 0x00, 0x00, 0x00, 0x00, 0x00, 0x00, 0x00, 0x00, 0x00,
    0x00, 0x00, 0x00, 0x00, 0x00, 0x00, 0x00, 0x00, 0x00, 0x00, 0x00, 0x00, 0x00, 0x00, 0x00, 0x00,
    0x00, 0x00, 0x00, 0x00, 0x00, 0x00, 0x00, 0x00, 0x00, 0x00, 0x00, 0x00, 0x00, 0x00, 0x00, 0x00,
    0x00, 0x00, 0x00, 0x00, 0x00, 0x00, 0x00, 0x00, 0x00, 0x00, 0x00, 0x00, 0x00, 0x00, 0x00, 0x00,
    0x00, 0x00, 0x00, 0x00, 0x00, 0x00, 0x00, 0x00, 0x00, 0x00, 0x00, 0x00, 0x00, 0x00, 0x00, 0x00,
    0x00, 0x00, 0x00, 0x00, 0x00, 0x00, 0x00, 0x01, 0x00, 0x3f, 0x3f, 0x04, 0x00, 0x00, 0x00, 0x00,
    0x00, 0x00, 0x00, 0x00, 0x00, 0x00, 0x00, 0x00, 0x00, 0x00, 0x00, 0x00, 0x00, 0x00, 0x00, 0x00,
    0x00, 0x00, 0x00, 0x00, 0x00, 0x00, 0x00, 0x00, 0x00, 0x00, 0x00, 0x00, 0x00, 0x00, 0x00, 0x00,
    0x00, 0x00, 0x00, 0x00, 0x00, 0x00, 0x00, 0x00, 0x00, 0x00, 0x00, 0x00, 0x00, 0x00, 0x00, 0x00,
    0x00, 0x00, 0x00, 0x00, 0x00, 0x00, 0x00, 0x00, 0x00, 0x00, 0x00, 0x00, 0x00, 0x00, 0x00, 0x00,
    0x00, 0x00, 0x00, 0x00, 0x00, 0x00, 0x00, 0x00, 0x00, 0x00, 0x00, 0x00, 0x00, 0x00, 0x00, 0x00,
    0x00, 0x00, 0x00, 0x00, 0x00, 0x00, 0x00, 0x00, 0x00, 0x00, 0x00, 0x00, 0x00, 0x00, 0x00, 0x00,
    0x00, 0x00, 0x00, 0x00, 0x00, 0x00, 0x00, 0x00, 0x00, 0x00, 0x00, 0x00, 0x00, 0x00, 0x00, 0x00,
    0x00, 0x00, 0x00, 0x00, 0x00, 0x00, 0x00, 0x00, 0x00, 0x00, 0x00, 0x00, 0x00, 0x00, 0x00, 0x00,
    0x00, 0x00, 0x00, 0x00, 0x00, 0x00, 0x00, 0x00, 0x00, 0x00, 0x00, 0x00, 0x00, 0x00, 0x00, 0x00,
    0x00, 0x00, 0x00, 0x00, 0x00, 0x00, 0x00, 0x00, 0x00, 0x00, 0x00, 0x00, 0x00, 0x00, 0x00, 0x00,
    0x00, 0x00, 0x00, 0x00, 0x00, 0x3f, 0x3f, 0x04, 0x00, 0x00, 0x00, 0x01, 0x00, 0x00, 0x00, 0x00,
    0x00, 0x00, 0x00, 0x00, 0x00, 0x00, 0x00, 0x00, 0x00, 0x00, 0x00, 0x00, 0x00, 0x00, 0x00, 0x00,
    0x00, 0x00, 0x00, 0x00, 0x00, 0x00, 0x00, 0x00, 0x00, 0x00, 0x00, 0x00, 0x00, 0x00, 0x00, 0x00,
    0x00, 0x00, 0x00, 0x00, 0x00, 0x00, 0x00, 0x00, 0x00, 0x00, 0x00, 0x00, 0x00, 0x00, 0x00, 0x00,
    0x00, 0x00, 0x00, 0x00, 0x00, 0x00, 0x00, 0x00, 0x00, 0x00, 0x00, 0x00, 0x00, 0x00, 0x00, 0x00,
    0x00, 0x55, 0x55, 0x03, 0x00, 0x00, 0x00, 0x00, 0x00, 0x00, 0x00, 0x00, 0x00, 0x00, 0x00, 0x01,
    0x17, 0x39, 0x56, 0x2c, 0x17, 0x3d, 0x57, 0x57, 0x18, 0x3b, 0x57, 0x74, 0x17, 0x3b, 0x55, 0x80,
    0x17, 0x3b, 0x55, 0x80, 0x17, 0x3b, 0x55, 0x80, 0x17, 0x3b, 0x55, 0x80, 0x17, 0x3b, 0x55, 0x80,
    0x17, 0x3b, 0x55, 0x80, 0x17, 0x3b, 0x55, 0x80, 0x17, 0x3b, 0x55, 0x80, 0x17, 0x3b, 0x55, 0x80,
    0x17, 0x3b, 0x55, 0x80, 0x17, 0x3b, 0x55, 0x80, 0x17, 0x3b, 0x55, 0x80, 0x17, 0x3b, 0x55, 0x80,
    0x17, 0x3b, 0x55, 0x80, 0x17, 0x3b, 0x55, 0x80, 0x17, 0x3b, 0x55, 0x80, 0x17, 0x3b, 0x55, 0x80,
    0x17, 0x3b, 0x55, 0x80, 0x17, 0x3b, 0x55, 0x80, 0x17, 0x3b, 0x55, 0x80, 0x17, 0x3b, 0x55, 0x80,
    0x17, 0x3b, 0x55, 0x80, 0x17, 0x3b, 0x55, 0x80, 0x17, 0x3b, 0x55, 0x80, 0x17, 0x3b, 0x55, 0x80,
    0x17, 0x3b, 0x55, 0x80, 0x17, 0x3b, 0x55, 0x80, 0x17, 0x3b, 0x55, 0x80, 0x17, 0x3b, 0x55, 0x80,
    0x17, 0x3b, 0x55, 0x80, 0x17, 0x3b, 0x55, 0x80, 0x17, 0x3b, 0x55, 0x80, 0x17, 0x3b, 0x55, 0x80,
    0x17, 0x3b, 0x55, 0x80, 0x17, 0x3d, 0x57, 0x75, 0x1a, 0x3c, 0x59, 0x58, 0x16, 0x3e, 0x5a, 0x2d,
    0x00, 0x7f, 0x7f, 0x02, 0x00, 0x00, 0x00, 0x00, 0x00, 0x00, 0x00, 0x00, 0x00, 0x55, 0x55, 0x03,
    0x00, 0x00, 0x00, 0x00, 0x00, 0x00, 0x00, 0x00, 0x00, 0x00, 0x00, 0x00, 0x00, 0x00, 0x00, 0x00,
    0x00, 0x00, 0x00, 0x00, 0x00, 0x00, 0x00, 0x00, 0x00, 0x00, 0x00, 0x00, 0x00, 0x00, 0x00, 0x00,
    0x00, 0x00, 0x00, 0x00, 0x00, 0x00, 0x00, 0x00, 0x00, 0x00, 0x00, 0x00, 0x00, 0x00, 0x00, 0x00,
    0x00, 0x00, 0x00, 0x00, 0x00, 0x00, 0x00, 0x00, 0x00, 0x00, 0x00, 0x01, 0x00, 0x00, 0x00, 0x01,
    0x00, 0x00, 0x00, 0x00, 0x13, 0x3a, 0x58, 0x1a, 0x18, 0x3d, 0x57, 0x7d, 0x18, 0x3c, 0x57, 0xd2,
    0x18, 0x3b, 0x57, 0xfe, 0x1a, 0x3f, 0x5b, 0xff, 0x1a, 0x3f, 0x5c, 0xff, 0x1a, 0x3f, 0x5c, 0xff,
    0x1a, 0x3f, 0x5c, 0xff, 0x1a, 0x3f, 0x5c, 0xff, 0x1a, 0x3f, 0x5c, 0xff, 0x1a, 0x3f, 0x5c, 0xff,
    0x1a, 0x3f, 0x5c, 0xff, 0x1a, 0x3f, 0x5c, 0xff, 0x1a, 0x3f, 0x5c, 0xff, 0x1a, 0x3f, 0x5c, 0xff,
    0x1a, 0x3f, 0x5c, 0xff, 0x1a, 0x3f, 0x5c, 0xff, 0x1a, 0x3f, 0x5c, 0xff, 0x1a, 0x3f, 0x5c, 0xff,
    0x1a, 0x3f, 0x5c, 0xff, 0x1a, 0x3f, 0x5c, 0xff, 0x1a, 0x3f, 0x5c, 0xff, 0x1a, 0x3f, 0x5c, 0xff,
    0x1a, 0x3f, 0x5c, 0xff, 0x1a, 0x3f, 0x5c, 0xff, 0x1a, 0x3f, 0x5c, 0xff, 0x1a, 0x3f, 0x5c, 0xff,
    0x1a, 0x3f, 0x5c, 0xff, 0x1a, 0x3f, 0x5c, 0xff, 0x1a, 0x3f, 0x5c, 0xff, 0x1a, 0x3f, 0x5c, 0xff,
    0x1a, 0x3f, 0x5c, 0xff, 0x1a, 0x3f, 0x5c, 0xff, 0x1a, 0x3f, 0x5c, 0xff, 0x1a, 0x3f, 0x5c, 0xff,
    0x1a, 0x3f, 0x5c, 0xff, 0x1a, 0x3f, 0x5c, 0xff, 0x1a, 0x3f, 0x5c, 0xff, 0x1a, 0x3f, 0x5c, 0xff,
    0x1a, 0x3f, 0x5c, 0xff, 0x1a, 0x3f, 0x5c, 0xff, 0x1a, 0x3f, 0x5b, 0xff, 0x18, 0x3c, 0x57, 0xff,
    0x18, 0x3c, 0x57, 0xd4, 0x17, 0x3b, 0x57, 0x80, 0x1a, 0x3d, 0x4f, 0x1d, 0x00, 0x00, 0x00, 0x00,
    0x00, 0x00, 0x00, 0x01, 0x00, 0x00, 0x00, 0x01, 0x00, 0x00, 0x00, 0x00, 0x00, 0x00, 0x00, 0x00,
    0x00, 0x00, 0x00, 0x00, 0x00, 0x00, 0x00, 0x00, 0x00, 0x00, 0x00, 0x00, 0x00, 0x00, 0x00, 0x00,
    0x00, 0x00, 0x00, 0x00, 0x00, 0x00, 0x00, 0x00, 0x00, 0x00, 0x00, 0x00, 0x00, 0x00, 0x00, 0x00,
    0x00, 0x00, 0x00, 0x00, 0x00, 0x00, 0x7f, 0x02, 0x00, 0x00, 0x00, 0x00, 0x00, 0x00, 0x00, 0x00,
    0x18, 0x3c, 0x58, 0x71, 0x18, 0x3c, 0x58, 0xeb, 0x1a, 0x3f, 0x5c, 0xff, 0x19, 0x3d, 0x59, 0xff,
    0x18, 0x3b, 0x56, 0xff, 0x18, 0x3a, 0x56, 0xfc, 0x18, 0x3a, 0x56, 0xfb, 0x18, 0x3a, 0x56, 0xfb,
    0x18, 0x3a, 0x56, 0xfb, 0x18, 0x3a, 0x56, 0xfb, 0x18, 0x3a, 0x56, 0xfb, 0x18, 0x3a, 0x56, 0xfb,
    0x18, 0x3a, 0x56, 0xfb, 0x18, 0x3a, 0x56, 0xfb, 0x18, 0x3a, 0x56, 0xfb, 0x18, 0x3a, 0x56, 0xfb,
    0x18, 0x3a, 0x56, 0xfb, 0x18, 0x3a, 0x56, 0xfb, 0x18, 0x3a, 0x56, 0xfb, 0x18, 0x3a, 0x56, 0xfb,
    0x18, 0x3a, 0x56, 0xfb, 0x18, 0x3a, 0x56, 0xfb, 0x18, 0x3a, 0x56, 0xfb, 0x18, 0x3a, 0x56, 0xfb,
    0x18, 0x3a, 0x56, 0xfb, 0x18, 0x3a, 0x56, 0xfb, 0x18, 0x3a, 0x56, 0xfb, 0x18, 0x3a, 0x56, 0xfb,
    0x18, 0x3a, 0x56, 0xfb, 0x18, 0x3a, 0x56, 0xfb, 0x18, 0x3a, 0x56, 0xfb, 0x18, 0x3a, 0x56, 0xfb,
    0x18, 0x3a, 0x56, 0xfb, 0x18, 0x3a, 0x56, 0xfb, 0x18, 0x3a, 0x56, 0xfb, 0x18, 0x3a, 0x56, 0xfb,
    0x18, 0x3a, 0x56, 0xfb, 0x18, 0x3a, 0x56, 0xfb, 0x18, 0x3a, 0x56, 0xfb, 0x18, 0x3a, 0x56, 0xfb,
    0x18, 0x3a, 0x56, 0xfb, 0x18, 0x3a, 0x56, 0xfb, 0x18, 0x3a, 0x56, 0xfc, 0x18, 0x3b, 0x56, 0xff,
    0x19, 0x3d, 0x59, 0xff, 0x1a, 0x3f, 0x5c, 0xff, 0x18, 0x3d, 0x58, 0xee, 0x17, 0x3c, 0x56, 0x76,
    0x00, 0x00, 0x00, 0x00, 0x00, 0x00, 0x00, 0x00, 0x00, 0x00, 0x7f, 0x02, 0x00, 0x00, 0x00, 0x00,
    0x00, 0x00, 0x00, 0x00, 0x00, 0x00, 0x00, 0x00, 0x00, 0x00, 0x00, 0x00, 0x00, 0x00, 0x00, 0x00,
    0x00, 0x00, 0x00, 0x00, 0x00, 0x00, 0x00, 0x00, 0x00, 0x00, 0x00, 0x00, 0x00, 0x00, 0x00, 0x00,
    0x00, 0x00, 0x00, 0x02, 0x00, 0x00, 0x00, 0x00, 0x12, 0x36, 0x48, 0x0e, 0x18, 0x3c, 0x57, 0xb1,
    0x1a, 0x40, 0x5d, 0xff, 0x18, 0x3c, 0x57, 0xff, 0x18, 0x3a, 0x55, 0xfb, 0x18, 0x3b, 0x55, 0xfd,
    0x18, 0x3b, 0x56, 0xff, 0x18, 0x3b, 0x56, 0xff, 0x18, 0x3b, 0x56, 0xff, 0x18, 0x3b, 0x56, 0xff,
    0x18, 0x3b, 0x56, 0xff, 0x18, 0x3b, 0x56, 0xff, 0x18, 0x3b, 0x56, 0xff, 0x18, 0x3b, 0x56, 0xff,
    0x18, 0x3b, 0x56, 0xff, 0x18, 0x3b, 0x56, 0xff, 0x18, 0x3b, 0x56, 0xff, 0x18, 0x3b, 0x56, 0xff,
    0x18, 0x3b, 0x56, 0xff, 0x18, 0x3b, 0x56, 0xff, 0x18, 0x3b, 0x56, 0xff, 0x18, 0x3b, 0x56, 0xff,
    0x18, 0x3b, 0x56, 0xff, 0x18, 0x3b, 0x56, 0xff, 0x18, 0x3b, 0x56, 0xff, 0x18, 0x3b, 0x56, 0xff,
    0x18, 0x3b, 0x56, 0xff, 0x18, 0x3b, 0x56, 0xff, 0x18, 0x3b, 0x56, 0xff, 0x18, 0x3b, 0x56, 0xff,
    0x18, 0x3b, 0x56, 0xff, 0x18, 0x3b, 0x56, 0xff, 0x18, 0x3b, 0x56, 0xff, 0x18, 0x3b, 0x56, 0xff,
    0x18, 0x3b, 0x56, 0xff, 0x18, 0x3b, 0x56, 0xff, 0x18, 0x3b, 0x56, 0xff, 0x18, 0x3b, 0x56, 0xff,
    0x18, 0x3b, 0x56, 0xff, 0x18, 0x3b, 0x56, 0xff, 0x18, 0x3b, 0x56, 0xff, 0x18, 0x3b, 0x56, 0xff,
    0x18, 0x3b, 0x56, 0xff, 0x18, 0x3b, 0x56, 0xff, 0x18, 0x3b, 0x56, 0xff, 0x18, 0x3b, 0x56, 0xff,
    0x18, 0x3b, 0x55, 0xfd, 0x18, 0x3a, 0x55, 0xfb, 0x18, 0x3c, 0x57, 0xff, 0x1a, 0x40, 0x5d, 0xff,
    0x19, 0x3b, 0x57, 0xb7, 0x1e, 0x3c, 0x4b, 0x11, 0x00, 0x00, 0x00, 0x00, 0x00, 0x00, 0x7f, 0x02,
    0x00, 0x00, 0x00, 0x00, 0x00, 0x00, 0x00, 0x00, 0x00, 0x00, 0x00, 0x00, 0x00, 0x00, 0x00, 0x00,
    0x00, 0x00, 0x00, 0x00, 0x00, 0x00, 0x00, 0x00, 0x00, 0x00, 0x00, 0x00, 0x00, 0x00, 0x00, 0x01,
    0x00, 0x00, 0x7f, 0x02, 0x13, 0x3a, 0x4e, 0x0d, 0x18, 0x3c, 0x57, 0xc7, 0x1a, 0x40, 0x5d, 0xff,
    0x18, 0x3b, 0x55, 0xfa, 0x18, 0x3b, 0x56, 0xfe, 0x18, 0x3b, 0x56, 0xff, 0x18, 0x3b, 0x56, 0xff,
    0x18, 0x3b, 0x56, 0xff, 0x18, 0x3b, 0x56, 0xff, 0x18, 0x3b, 0x56, 0xff, 0x18, 0x3b, 0x56, 0xff,
    0x18, 0x3b, 0x56, 0xff, 0x18, 0x3b, 0x56, 0xff, 0x18, 0x3b, 0x56, 0xff, 0x18, 0x3b, 0x56, 0xff,
    0x18, 0x3b, 0x56, 0xff, 0x18, 0x3b, 0x56, 0xff, 0x18, 0x3b, 0x56, 0xff, 0x18, 0x3b, 0x56, 0xff,
    0x18, 0x3b, 0x56, 0xff, 0x18, 0x3b, 0x56, 0xff, 0x18, 0x3b, 0x56, 0xff, 0x18, 0x3b, 0x56, 0xff,
    0x18, 0x3b, 0x56, 0xff, 0x18, 0x3b, 0x56, 0xff, 0x18, 0x3b, 0x56, 0xff, 0x18, 0x3b, 0x56, 0xff,
    0x18, 0x3b, 0x56, 0xff, 0x18, 0x3b, 0x56, 0xff, 0x18, 0x3b, 0x56, 0xff, 0x18, 0x3b, 0x56, 0xff,
    0x18, 0x3b, 0x56, 0xff, 0x18, 0x3b, 0x56, 0xff, 0x18, 0x3b, 0x56, 0xff, 0x18, 0x3b, 0x56, 0xff,
    0x18, 0x3b, 0x56, 0xff, 0x18, 0x3b, 0x56, 0xff, 0x18, 0x3b, 0x56, 0xff, 0x18, 0x3b, 0x56, 0xff,
    0x18, 0x3b, 0x56, 0xff, 0x18, 0x3b, 0x56, 0xff, 0x18, 0x3b, 0x56, 0xff, 0x18, 0x3b, 0x56, 0xff,
    0x18, 0x3b, 0x56, 0xff, 0x18, 0x3b, 0x56, 0xff, 0x18, 0x3b, 0x56, 0xff, 0x18, 0x3b, 0x56, 0xff,
    0x18, 0x3b, 0x56, 0xff, 0x18, 0x3b, 0x56, 0xff, 0x18, 0x3b, 0x56, 0xfe, 0x18, 0x3b, 0x55, 0xfa,
    0x1a, 0x3f, 0x5d, 0xff, 0x19, 0x3c, 0x57, 0xcc, 0x1e, 0x3c, 0x5a, 0x11, 0x00, 0x00, 0x00, 0x01,
    0x00, 0x00, 0x00, 0x01, 0x00, 0x00, 0x00, 0x00, 0x00, 0x00, 0x00, 0x00, 0x00, 0x00, 0x00, 0x00,
    0x00, 0x00, 0x00, 0x00, 0x00, 0x00, 0x00, 0x00, 0x00, 0x00, 0x00, 0x01, 0x00, 0x55, 0x55, 0x03,
    0x00, 0x00, 0x00, 0x00, 0x18, 0x3b, 0x56, 0xb4, 0x1a, 0x40, 0x5d, 0xff, 0x18, 0x3b, 0x55, 0xfa,
    0x18, 0x3b, 0x56, 0xff, 0x18, 0x3b, 0x56, 0xff, 0x18, 0x3b, 0x56, 0xff, 0x18, 0x3b, 0x56, 0xff,
    0x18, 0x3b, 0x56, 0xff, 0x18, 0x3b, 0x56, 0xff, 0x18, 0x3b, 0x56, 0xff, 0x18, 0x3b, 0x56, 0xff,
    0x18, 0x3b, 0x56, 0xff, 0x18, 0x3b, 0x56, 0xff, 0x18, 0x3b, 0x56, 0xff, 0x18, 0x3b, 0x56, 0xff,
    0x18, 0x3b, 0x56, 0xff, 0x18, 0x3b, 0x56, 0xff, 0x18, 0x3b, 0x56, 0xff, 0x18, 0x3b, 0x56, 0xff,
    0x18, 0x3b, 0x56, 0xff, 0x18, 0x3b, 0x56, 0xff, 0x18, 0x3b, 0x56, 0xff, 0x18, 0x3b, 0x56, 0xff,
    0x18, 0x3b, 0x56, 0xff, 0x18, 0x3b, 0x56, 0xff, 0x18, 0x3b, 0x56, 0xff, 0x1a, 0x3c, 0x57, 0xff,
    0x1a, 0x3c, 0x57, 0xff, 0x18, 0x3b, 0x56, 0xff, 0x18, 0x3b, 0x56, 0xff, 0x18, 0x3b, 0x56, 0xff,
    0x18, 0x3b, 0x56, 0xff, 0x18, 0x3b, 0x56, 0xff, 0x18, 0x3b, 0x56, 0xff, 0x18, 0x3b, 0x56, 0xff,
    0x18, 0x3b, 0x56, 0xff, 0x18, 0x3b, 0x56, 0xff, 0x18, 0x3b, 0x56, 0xff, 0x18, 0x3b, 0x56, 0xff,
    0x18, 0x3b, 0x56, 0xff, 0x18, 0x3b, 0x56, 0xff, 0x18, 0x3b, 0x56, 0xff, 0x18, 0x3b, 0x56, 0xff,
    0x18, 0x3b, 0x56, 0xff, 0x18, 0x3b, 0x56, 0xff, 0x18, 0x3b, 0x56, 0xff, 0x18, 0x3b, 0x56, 0xff,
    0x18, 0x3b, 0x56, 0xff, 0x18, 0x3b, 0x56, 0xff, 0x18, 0x3b, 0x56, 0xff, 0x18, 0x3b, 0x56, 0xff,
    0x18, 0x3b, 0x55, 0xfa, 0x1a, 0x3f, 0x5d, 0xff, 0x18, 0x3a, 0x55, 0xbb, 0x00, 0x00, 0x7f, 0x02,
    0x00, 0x55, 0x55, 0x03, 0x00, 0x00, 0x00, 0x01, 0x00, 0x00, 0x00, 0x00, 0x00, 0x00, 0x00, 0x00,
    0x00, 0x00, 0x00, 0x00, 0x00, 0x00, 0x00, 0x00, 0x00, 0x55, 0x55, 0x03, 0x00, 0x00, 0x00, 0x00,
    0x16, 0x3b, 0x55, 0x6f, 0x1a, 0x40, 0x5d, 0xff, 0x18, 0x3b, 0x55, 0xfa, 0x18, 0x3b, 0x56, 0xff,
    0x18, 0x3b, 0x56, 0xff, 0x18, 0x3b, 0x56, 0xff, 0x18, 0x3b, 0x56, 0xff, 0x18, 0x3b, 0x56, 0xff,
    0x18, 0x3b, 0x56, 0xff, 0x18, 0x3b, 0x56, 0xff, 0x18, 0x3b, 0x56, 0xff, 0x18, 0x3b, 0x56, 0xff,
    0x18, 0x3b, 0x56, 0xff, 0x18, 0x3b, 0x56, 0xff, 0x18, 0x3b, 0x56, 0xff, 0x18, 0x3b, 0x56, 0xff,
    0x18, 0x3b, 0x56, 0xff, 0x18, 0x3b, 0x56, 0xff, 0x18, 0x3b, 0x56, 0xff, 0x18, 0x3b, 0x56, 0xff,
    0x18, 0x3b, 0x56, 0xff, 0x18, 0x3b, 0x56, 0xff, 0x18, 0x3b, 0x56, 0xff, 0x18, 0x3b, 0x56, 0xff,
    0x18, 0x3b, 0x56, 0xff, 0x18, 0x3b, 0x56, 0xff, 0x19, 0x3c, 0x57, 0xff, 0x10, 0x35, 0x50, 0xff,
    0x10, 0x34, 0x50, 0xff, 0x19, 0x3c, 0x57, 0xff, 0x18, 0x3b, 0x56, 0xff, 0x18, 0x3b, 0x56, 0xff,
    0x18, 0x3b, 0x56, 0xff, 0x18, 0x3b, 0x56, 0xff, 0x18, 0x3b, 0x56, 0xff, 0x18, 0x3b, 0x56, 0xff,
    0x18, 0x3b, 0x56, 0xff, 0x18, 0x3b, 0x56, 0xff, 0x18, 0x3b, 0x56, 0xff, 0x18, 0x3b, 0x56, 0xff,
    0x18, 0x3b, 0x56, 0xff, 0x18, 0x3b, 0x56, 0xff, 0x18, 0x3b, 0x56, 0xff, 0x18, 0x3b, 0x56, 0xff,
    0x18, 0x3b, 0x56, 0xff, 0x18, 0x3b, 0x56, 0xff, 0x18, 0x3b, 0x56, 0xff, 0x18, 0x3b, 0x56, 0xff,
    0x18, 0x3b, 0x56, 0xff, 0x18, 0x3b, 0x56, 0xff, 0x18, 0x3b, 0x56, 0xff, 0x18, 0x3b, 0x56, 0xff,
    0x18, 0x3b, 0x56, 0xff, 0x18, 0x3b, 0x55, 0xfa, 0x1a, 0x40, 0x5d, 0xff, 0x17, 0x39, 0x55, 0x77,
    0x00, 0x00, 0x00, 0x00, 0x00, 0x55, 0x55, 0x03, 0x00, 0x00, 0x00, 0x00, 0x00, 0x00, 0x00, 0x00,
    0x00, 0x00, 0x00, 0x00, 0x00, 0x00, 0x00, 0x01, 0x00, 0x00, 0x00, 0x01, 0x16, 0x37, 0x58, 0x17,
    0x18, 0x3b, 0x57, 0xf0, 0x18, 0x3c, 0x57, 0xfd, 0x18, 0x3b, 0x56, 0xfe, 0x18, 0x3b, 0x56, 0xff,
    0x18, 0x3b, 0x56, 0xff, 0x18, 0x3b, 0x56, 0xff, 0x18, 0x3b, 0x56, 0xff, 0x18, 0x3b, 0x56, 0xff,
    0x18, 0x3b, 0x56, 0xff, 0x18, 0x3b, 0x56, 0xff, 0x18, 0x3b, 0x56, 0xff, 0x18, 0x3b, 0x56, 0xff,
    0x18, 0x3b, 0x56, 0xff, 0x18, 0x3b, 0x56, 0xff, 0x18, 0x3b, 0x56, 0xff, 0x18, 0x3b, 0x56, 0xff,
    0x18, 0x3b, 0x56, 0xff, 0x18, 0x3b, 0x56, 0xff, 0x18, 0x3b, 0x56, 0xff, 0x18, 0x3b, 0x56, 0xff,
    0x18, 0x3b, 0x56, 0xff, 0x18, 0x3b, 0x56, 0xff, 0x18, 0x3b, 0x56, 0xff, 0x18, 0x3b, 0x56, 0xff,
    0x18, 0x3b, 0x56, 0xff, 0x1c, 0x3e, 0x59, 0xff, 0x05, 0x2b, 0x47, 0xff, 0x86, 0x9a, 0xaa, 0xff,
    0x8b, 0x9f, 0xae, 0xff, 0x05, 0x2b, 0x48, 0xff, 0x1b, 0x3e, 0x59, 0xff, 0x18, 0x3b, 0x56, 0xff,
    0x18, 0x3b, 0x56, 0xff, 0x18, 0x3b, 0x56, 0xff, 0x18, 0x3b, 0x56, 0xff, 0x18, 0x3b, 0x56, 0xff,
    0x18, 0x3b, 0x56, 0xff, 0x18, 0x3b, 0x56, 0xff, 0x18, 0x3b, 0x56, 0xff, 0x18, 0x3b, 0x56, 0xff,
    0x18, 0x3b, 0x56, 0xff, 0x18, 0x3b, 0x56, 0xff, 0x18, 0x3b, 0x56, 0xff, 0x18, 0x3b, 0x56, 0xff,
    0x18, 0x3b, 0x56, 0xff, 0x18, 0x3b, 0x56, 0xff, 0x18, 0x3b, 0x56, 0xff, 0x18, 0x3b, 0x56, 0xff,
    0x18, 0x3b, 0x56, 0xff, 0x18, 0x3b, 0x56, 0xff, 0x18, 0x3b, 0x56, 0xff, 0x18, 0x3b, 0x56, 0xff,
    0x18, 0x3b, 0x56, 0xff, 0x18, 0x3b, 0x56, 0xfe, 0x18, 0x3c, 0x57, 0xfd, 0x18, 0x3b, 0x56, 0xf4,
    0x1b, 0x36, 0x51, 0x1c, 0x00, 0x00, 0x00, 0x01, 0x00, 0x00, 0x7f, 0x02, 0x00, 0x00, 0x00, 0x00,
    0x00, 0x00, 0x00, 0x00, 0x00, 0x3f, 0x3f, 0x04, 0x00, 0x00, 0x00, 0x00, 0x18, 0x3b, 0x55, 0x7d,
    0x1a, 0x3f, 0x5c, 0xff, 0x18, 0x3a, 0x56, 0xfb, 0x18, 0x3b, 0x56, 0xff, 0x18, 0x3b, 0x56, 0xff,
    0x18, 0x3b, 0x56, 0xff, 0x18, 0x3b, 0x56, 0xff, 0x18, 0x3b, 0x56, 0xff, 0x18, 0x3b, 0x56, 0xff,
    0x18, 0x3b, 0x56, 0xff, 0x18, 0x3b, 0x56, 0xff, 0x18, 0x3b, 0x56, 0xff, 0x18, 0x3b, 0x56, 0xff,
    0x18, 0x3b, 0x56, 0xff, 0x18, 0x3b, 0x56, 0xff, 0x18, 0x3b, 0x56, 0xff, 0x18, 0x3b, 0x56, 0xff,
    0x18, 0x3b, 0x56, 0xff, 0x18, 0x3b, 0x56, 0xff, 0x18, 0x3b, 0x56, 0xff, 0x18, 0x3b, 0x56, 0xff,
    0x18, 0x3b, 0x56, 0xff, 0x18, 0x3b, 0x56, 0xff, 0x18, 0x3b, 0x56, 0xff, 0x18, 0x3b, 0x56, 0xff,
    0x1c, 0x3f, 0x59, 0xff, 0x07, 0x2c, 0x49, 0xff, 0x6f, 0x87, 0x99, 0xff, 0xff, 0xff, 0xff, 0xff,
    0xff, 0xff, 0xff, 0xff, 0x75, 0x8c, 0x9e, 0xff, 0x07, 0x2c, 0x49, 0xff, 0x1c, 0x3f, 0x59, 0xff,
    0x18, 0x3b, 0x56, 0xff, 0x18, 0x3b, 0x56, 0xff, 0x18, 0x3b, 0x56, 0xff, 0x18, 0x3b, 0x56, 0xff,
    0x18, 0x3b, 0x56, 0xff, 0x18, 0x3b, 0x56, 0xff, 0x18, 0x3b, 0x56, 0xff, 0x18, 0x3b, 0x56, 0xff,
    0x18, 0x3b, 0x56, 0xff, 0x18, 0x3b, 0x56, 0xff, 0x18, 0x3b, 0x56, 0xff, 0x18, 0x3b, 0x56, 0xff,
    0x18, 0x3b, 0x56, 0xff, 0x18, 0x3b, 0x56, 0xff, 0x18, 0x3b, 0x56, 0xff, 0x18, 0x3b, 0x56, 0xff,
    0x18, 0x3b, 0x56, 0xff, 0x18, 0x3b, 0x56, 0xff, 0x18, 0x3b, 0x56, 0xff, 0x18, 0x3b, 0x56, 0xff,
    0x18, 0x3b, 0x56, 0xff, 0x18, 0x3b, 0x56, 0xff, 0x18, 0x3a, 0x56, 0xfb, 0x1a, 0x3f, 0x5c, 0xff,
    0x18, 0x3b, 0x56, 0x85, 0x00, 0x00, 0x00, 0x00, 0x00, 0x3f, 0x3f, 0x04, 0x00, 0x00, 0x00, 0x00,
    0x00, 0x00, 0x00, 0x00, 0x00, 0x00, 0x00, 0x01, 0x00, 0x55, 0x55, 0x03, 0x17, 0x3a, 0x55, 0xd6,
    0x19, 0x3d, 0x59, 0xfe, 0x18, 0x3b, 0x55, 0xfd, 0x18, 0x3b, 0x56, 0xff, 0x18, 0x3b, 0x56, 0xff,
    0x18, 0x3b, 0x56, 0xff, 0x18, 0x3b, 0x56, 0xff, 0x18, 0x3b, 0x56, 0xff, 0x18, 0x3b, 0x56, 0xff,
    0x18, 0x3b, 0x56, 0xff, 0x18, 0x3b, 0x56, 0xff, 0x18, 0x3b, 0x56, 0xff, 0x18, 0x3b, 0x56, 0xff,
    0x18, 0x3b, 0x56, 0xff, 0x18, 0x3b, 0x56, 0xff, 0x18, 0x3b, 0x56, 0xff, 0x18, 0x3b, 0x56, 0xff,
    0x18, 0x3b, 0x56, 0xff, 0x18, 0x3b, 0x56, 0xff, 0x18, 0x3b, 0x56, 0xff, 0x18, 0x3b, 0x56, 0xff,
    0x18, 0x3b, 0x56, 0xff, 0x18, 0x3b, 0x56, 0xff, 0x18, 0x3b, 0x56, 0xff, 0x1d, 0x3f, 0x5a, 0xff,
    0x07, 0x2c, 0x49, 0xff, 0x63, 0x7c, 0x90, 0xff, 0xfd, 0xff, 0xff, 0xff, 0xf4, 0xf9, 0xfd, 0xff,
    0xf3, 0xf8, 0xfc, 0xff, 0xff, 0xff, 0xff, 0xff, 0x69, 0x81, 0x94, 0xff, 0x07, 0x2c, 0x49, 0xff,
    0x1c, 0x3f, 0x59, 0xff, 0x18, 0x3b, 0x56, 0xff, 0x18, 0x3b, 0x56, 0xff, 0x18, 0x3b, 0x56, 0xff,
    0x18, 0x3b, 0x56, 0xff, 0x18, 0x3b, 0x56, 0xff, 0x18, 0x3b, 0x56, 0xff, 0x18, 0x3b, 0x56, 0xff,
    0x18, 0x3b, 0x56, 0xff, 0x18, 0x3b, 0x56, 0xff, 0x18, 0x3b, 0x56, 0xff, 0x18, 0x3b, 0x56, 0xff,
    0x18, 0x3b, 0x56, 0xff, 0x18, 0x3b, 0x56, 0xff, 0x18, 0x3b, 0x56, 0xff, 0x18, 0x3b, 0x56, 0xff,
    0x18, 0x3b, 0x56, 0xff, 0x18, 0x3b, 0x56, 0xff, 0x18, 0x3b, 0x56, 0xff, 0x18, 0x3b, 0x56, 0xff,
    0x18, 0x3b, 0x56, 0xff, 0x18, 0x3b, 0x56, 0xff, 0x18, 0x3b, 0x55, 0xfd, 0x19, 0x3d, 0x59, 0xfe,
    0x18, 0x3a, 0x55, 0xdd, 0x2a, 0x2a, 0x55, 0x06, 0x00, 0x00, 0x00, 0x01, 0x00, 0x00, 0x00, 0x01,
    0x00, 0x7f, 0x7f, 0x02, 0x00, 0x00, 0x00, 0x00, 0x17, 0x3b, 0x53, 0x2b, 0x18, 0x3b, 0x57, 0xfd,
    0x18, 0x3b, 0x56, 0xfe, 0x18, 0x3b, 0x56, 0xff, 0x18, 0x3b, 0x56, 0xff, 0x18, 0x3b, 0x56, 0xff,
    0x18, 0x3b, 0x56, 0xff, 0x18, 0x3b, 0x56, 0xff, 0x18, 0x3b, 0x56, 0xff, 0x18, 0x3b, 0x56, 0xff,
    0x18, 0x3b, 0x56, 0xff, 0x18, 0x3b, 0x56, 0xff, 0x18, 0x3b, 0x56, 0xff, 0x18, 0x3b, 0x56, 0xff,
    0x18, 0x3b, 0x56, 0xff, 0x18, 0x3b, 0x56, 0xff, 0x18, 0x3b, 0x56, 0xff, 0x18, 0x3b, 0x56, 0xff,
    0x18, 0x3b, 0x56, 0xff, 0x18, 0x3b, 0x56, 0xff, 0x18, 0x3b, 0x56, 0xff, 0x18, 0x3b, 0x56, 0xff,
    0x18, 0x3b, 0x56, 0xff, 0x18, 0x3b, 0x56, 0xff, 0x1d, 0x3f, 0x5a, 0xff, 0x08, 0x2d, 0x4a, 0xff,
    0x56, 0x71, 0x86, 0xff, 0xf9, 0xfb, 0xfd, 0xff, 0xf6, 0xfa, 0xfd, 0xff, 0xf4, 0xf9, 0xfe, 0xff,
    0xf4, 0xf9, 0xfe, 0xff, 0xf5, 0xf9, 0xfd, 0xff, 0xfb, 0xfd, 0xff, 0xff, 0x5c, 0x76, 0x8b, 0xff,
    0x08, 0x2d, 0x49, 0xff, 0x1d, 0x3f, 0x5a, 0xff, 0x18, 0x3b, 0x56, 0xff, 0x18, 0x3b, 0x56, 0xff,
    0x18, 0x3b, 0x56, 0xff, 0x18, 0x3b, 0x56, 0xff, 0x18, 0x3b, 0x56, 0xff, 0x18, 0x3b, 0x56, 0xff,
    0x18, 0x3b, 0x56, 0xff, 0x18, 0x3b, 0x56, 0xff, 0x18, 0x3b, 0x56, 0xff, 0x18, 0x3b, 0x56, 0xff,
    0x18, 0x3b, 0x56, 0xff, 0x18, 0x3b, 0x56, 0xff, 0x18, 0x3b, 0x56, 0xff, 0x18, 0x3b, 0x56, 0xff,
    0x18, 0x3b, 0x56, 0xff, 0x18, 0x3b, 0x56, 0xff, 0x18, 0x3b, 0x56, 0xff, 0x18, 0x3b, 0x56, 0xff,
    0x18, 0x3b, 0x56, 0xff, 0x18, 0x3b, 0x56, 0xff, 0x18, 0x3b, 0x56, 0xff, 0x18, 0x3b, 0x56, 0xfe,
    0x18, 0x3c, 0x58, 0xff, 0x1a, 0x39, 0x58, 0x31, 0x00, 0x00, 0x00, 0x00, 0x00, 0x55, 0x55, 0x03,
    0x00, 0x3f, 0x3f, 0x04, 0x00, 0x00, 0x00, 0x00, 0x16, 0x39, 0x55, 0x59, 0x19, 0x3f, 0x5b, 0xff,
    0x18, 0x3a, 0x56, 0xfc, 0x18, 0x3b, 0x56, 0xff, 0x18, 0x3b, 0x56, 0xff, 0x18, 0x3b, 0x56, 0xff,
    0x18, 0x3b, 0x56, 0xff, 0x18, 0x3b, 0x56, 0xff, 0x18, 0x3b, 0x56, 0xff, 0x18, 0x3b, 0x56, 0xff,
    0x18, 0x3b, 0x56, 0xff, 0x18, 0x3b, 0x56, 0xff, 0x18, 0x3b, 0x56, 0xff, 0x18, 0x3b, 0x56, 0xff,
    0x18, 0x3b, 0x56, 0xff, 0x18, 0x3b, 0x56, 0xff, 0x18, 0x3b, 0x56, 0xff, 0x18, 0x3b, 0x56, 0xff,
    0x18, 0x3b, 0x56, 0xff, 0x18, 0x3b, 0x56, 0xff, 0x18, 0x3b, 0x56, 0xff, 0x18, 0x3b, 0x56, 0xff,
    0x18, 0x3b, 0x56, 0xff, 0x1c, 0x3f, 0x59, 0xff, 0x09, 0x2e, 0x4b, 0xff, 0x4b, 0x67, 0x7d, 0xff,
    0xf4, 0xf7, 0xfa, 0xff, 0xf7, 0xfb, 0xfe, 0xff, 0xf3, 0xf8, 0xfe, 0xff, 0xf5, 0xfa, 0xff, 0xff,
    0xf5, 0xfa, 0xff, 0xff, 0xf3, 0xf9, 0xfe, 0xff, 0xf7, 0xfa, 0xfe, 0xff, 0xf7, 0xf9, 0xfc, 0xff,
    0x50, 0x6c, 0x82, 0xff, 0x09, 0x2e, 0x4a, 0xff, 0x1d, 0x3f, 0x5a, 0xff, 0x18, 0x3b, 0x56, 0xff,
    0x18, 0x3b, 0x56, 0xff, 0x18, 0x3b, 0x56, 0xff, 0x18, 0x3b, 0x56, 0xff, 0x18, 0x3b, 0x56, 0xff,
    0x18, 0x3b, 0x56, 0xff, 0x18, 0x3b, 0x56, 0xff, 0x18, 0x3b, 0x56, 0xff, 0x18, 0x3b, 0x56, 0xff,
    0x18, 0x3b, 0x56, 0xff, 0x18, 0x3b, 0x56, 0xff, 0x18, 0x3b, 0x56, 0xff, 0x18, 0x3b, 0x56, 0xff,
    0x18, 0x3b, 0x56, 0xff, 0x18, 0x3b, 0x56, 0xff, 0x18, 0x3b, 0x56, 0xff, 0x18, 0x3b, 0x56, 0xff,
    0x18, 0x3b, 0x56, 0xff, 0x18, 0x3b, 0x56, 0xff, 0x18, 0x3b, 0x56, 0xff, 0x18, 0x3a, 0x56, 0xfb,
    0x1a, 0x3f, 0x5c, 0xff, 0x17, 0x3a, 0x55, 0x60, 0x00, 0x00, 0x00, 0x00, 0x00, 0x3f, 0x3f, 0x04,
    0x00, 0x33, 0x66, 0x05, 0x00, 0x00, 0x00, 0x00, 0x17, 0x3c, 0x56, 0x76, 0x1a, 0x3f, 0x5c, 0xff,
    0x18, 0x3a, 0x56, 0xfb, 0x18, 0x3b, 0x56, 0xff, 0x18, 0x3b, 0x56, 0xff, 0x18, 0x3b, 0x56, 0xff,
    0x18, 0x3b, 0x56, 0xff, 0x18, 0x3b, 0x56, 0xff, 0x18, 0x3b, 0x56, 0xff, 0x18, 0x3b, 0x56, 0xff,
    0x18, 0x3b, 0x56, 0xff, 0x18, 0x3b, 0x56, 0xff, 0x18, 0x3b, 0x56, 0xff, 0x18, 0x3b, 0x56, 0xff,
    0x18, 0x3b, 0x56, 0xff, 0x18, 0x3b, 0x56, 0xff, 0x18, 0x3b, 0x56, 0xff, 0x18, 0x3b, 0x56, 0xff,
    0x18, 0x3b, 0x56, 0xff, 0x18, 0x3b, 0x56, 0xff, 0x18, 0x3b, 0x56, 0xff, 0x18, 0x3b, 0x56, 0xff,
    0x1c, 0x3f, 0x59, 0xff, 0x0b, 0x30, 0x4c, 0xff, 0x3f, 0x5d, 0x75, 0xff, 0xee, 0xf2, 0xf6, 0xff,
    0xf9, 0xfc, 0xff, 0xff, 0xf3, 0xf8, 0xfe, 0xff, 0xf5, 0xfa, 0xff, 0xff, 0xf5, 0xfa, 0xff, 0xff,
    0xf5, 0xfa, 0xff, 0xff, 0xf5, 0xfa, 0xff, 0xff, 0xf3, 0xf8, 0xfe, 0xff, 0xf8, 0xfc, 0xff, 0xff,
    0xf1, 0xf5, 0xf8, 0xff, 0x44, 0x62, 0x79, 0xff, 0x0a, 0x2f, 0x4c, 0xff, 0x1c, 0x3f, 0x59, 0xff,
    0x18, 0x3b, 0x56, 0xff, 0x18, 0x3b, 0x56, 0xff, 0x18, 0x3b, 0x56, 0xff, 0x18, 0x3b, 0x56, 0xff,
    0x18, 0x3b, 0x56, 0xff, 0x18, 0x3b, 0x56, 0xff, 0x18, 0x3b, 0x56, 0xff, 0x18, 0x3b, 0x56, 0xff,
    0x18, 0x3b, 0x56, 0xff, 0x18, 0x3b, 0x56, 0xff, 0x18, 0x3b, 0x56, 0xff, 0x18, 0x3b, 0x56, 0xff,
    0x18, 0x3b, 0x56, 0xff, 0x18, 0x3b, 0x56, 0xff, 0x18, 0x3b, 0x56, 0xff, 0x18, 0x3b, 0x56, 0xff,
    0x18, 0x3b, 0x56, 0xff, 0x18, 0x3b, 0x56, 0xff, 0x18, 0x3b, 0x56, 0xff, 0x18, 0x3a, 0x56, 0xfb,
    0x1a, 0x3f, 0x5c, 0xff, 0x18, 0x3a, 0x55, 0x7e, 0x00, 0x00, 0x00, 0x00, 0x00, 0x33, 0x66, 0x05,
    0x00, 0x33, 0x66, 0x05, 0x00, 0x00, 0x00, 0x00, 0x17, 0x3b, 0x55, 0x80, 0x1a, 0x3f, 0x5c, 0xff,
    0x18, 0x3a, 0x56, 0xfb, 0x18, 0x3b, 0x56, 0xff, 0x18, 0x3b, 0x56, 0xff, 0x18, 0x3b, 0x56, 0xff,
    0x18, 0x3b, 0x56, 0xff, 0x18, 0x3b, 0x56, 0xff, 0x18, 0x3b, 0x56, 0xff, 0x18, 0x3b, 0x56, 0xff,
    0x18, 0x3b, 0x56, 0xff, 0x18, 0x3b, 0x56, 0xff, 0x18, 0x3b, 0x56, 0xff, 0x18, 0x3b, 0x56, 0xff,
    0x18, 0x3b, 0x56, 0xff, 0x18, 0x3b, 0x56, 0xff, 0x18, 0x3b, 0x56, 0xff, 0x18, 0x3b, 0x56, 0xff,
    0x18, 0x3b, 0x56, 0xff, 0x18, 0x3b, 0x56, 0xff, 0x18, 0x3b, 0x56, 0xff, 0x1c, 0x3e, 0x59, 0xff,
    0x0d, 0x32, 0x4e, 0xff, 0x35, 0x54, 0x6d, 0xff, 0xe6, 0xec, 0xf1, 0xff, 0xfb, 0xfe, 0xff, 0xff,
    0xf2, 0xf8, 0xfd, 0xff, 0xf5, 0xfa, 0xff, 0xff, 0xf5, 0xfa, 0xff, 0xff, 0xf5, 0xfa, 0xff, 0xff,
    0xf5, 0xfa, 0xff, 0xff, 0xf5, 0xfa, 0xff, 0xff, 0xf5, 0xfa, 0xff, 0xff, 0xf2, 0xf8, 0xfd, 0xff,
    0xfa, 0xfd, 0xff, 0xff, 0xea, 0xef, 0xf3, 0xff, 0x3a, 0x59, 0x71, 0xff, 0x0c, 0x31, 0x4d, 0xff,
    0x1c, 0x3f, 0x59, 0xff, 0x18, 0x3b, 0x56, 0xff, 0x18, 0x3b, 0x56, 0xff, 0x18, 0x3b, 0x56, 0xff,
    0x18, 0x3b, 0x56, 0xff, 0x18, 0x3b, 0x56, 0xff, 0x18, 0x3b, 0x56, 0xff, 0x18, 0x3b, 0x56, 0xff,
    0x18, 0x3b, 0x56, 0xff, 0x18, 0x3b, 0x56, 0xff, 0x18, 0x3b, 0x56, 0xff, 0x18, 0x3b, 0x56, 0xff,
    0x18, 0x3b, 0x56, 0xff, 0x18, 0x3b, 0x56, 0xff, 0x18, 0x3b, 0x56, 0xff, 0x18, 0x3b, 0x56, 0xff,
    0x18, 0x3b, 0x56, 0xff, 0x18, 0x3b, 0x56, 0xff, 0x18, 0x3b, 0x56, 0xff, 0x18, 0x3a, 0x56, 0xfb,
    0x1a, 0x3f, 0x5c, 0xff, 0x18, 0x3a, 0x56, 0x88, 0x00, 0x00, 0x00, 0x00, 0x00, 0x33, 0x66, 0x05,
    0x00, 0x33, 0x66, 0x05, 0x00, 0x00, 0x00, 0x00, 0x17, 0x3b, 0x55, 0x80, 0x1a, 0x3f, 0x5c, 0xff,
    0x18, 0x3a, 0x56, 0xfb, 0x18, 0x3b, 0x56, 0xff, 0x18, 0x3b, 0x56, 0xff, 0x18, 0x3b, 0x56, 0xff,
    0x18, 0x3b, 0x56, 0xff, 0x18, 0x3b, 0x56, 0xff, 0x18, 0x3b, 0x56, 0xff, 0x18, 0x3b, 0x56, 0xff,
    0x18, 0x3b, 0x56, 0xff, 0x18, 0x3b, 0x56, 0xff, 0x18, 0x3b, 0x56, 0xff, 0x18, 0x3b, 0x56, 0xff,
    0x18, 0x3b, 0x56, 0xff, 0x18, 0x3b, 0x56, 0xff, 0x18, 0x3b, 0x56, 0xff, 0x18, 0x3b, 0x56, 0xff,
    0x18, 0x3b, 0x56, 0xff, 0x18, 0x3b, 0x56, 0xff, 0x1b, 0x3d, 0x58, 0xff, 0x0c, 0x30, 0x4d, 0xff,
    0x28, 0x49, 0x63, 0xff, 0xdb, 0xe2, 0xe8, 0xff, 0xf9, 0xfc, 0xfe, 0xff, 0xee, 0xf4, 0xfa, 0xff,
    0xf2, 0xf7, 0xfc, 0xff, 0xf4, 0xf9, 0xfe, 0xff, 0xf5, 0xfa, 0xff, 0xff, 0xf5, 0xfa, 0xff, 0xff,
    0xf5, 0xfa, 0xff, 0xff, 0xf5, 0xfa, 0xff, 0xff, 0xf4, 0xf9, 0xfe, 0xff, 0xf2, 0xf7, 0xfc, 0xff,
    0xee, 0xf4, 0xfa, 0xff, 0xf8, 0xfb, 0xfe, 0xff, 0xdf, 0xe5, 0xeb, 0xff, 0x2c, 0x4d, 0x66, 0xff,
    0x0b, 0x2f, 0x4c, 0xff, 0x1b, 0x3d, 0x58, 0xff, 0x18, 0x3b, 0x56, 0xff, 0x18, 0x3b, 0x56, 0xff,
    0x18, 0x3b, 0x56, 0xff, 0x18, 0x3b, 0x56, 0xff, 0x18, 0x3b, 0x56, 0xff, 0x18, 0x3b, 0x56, 0xff,
    0x18, 0x3b, 0x56, 0xff, 0x18, 0x3b, 0x56, 0xff, 0x18, 0x3b, 0x56, 0xff, 0x18, 0x3b, 0x56, 0xff,
    0x18, 0x3b, 0x56, 0xff, 0x18, 0x3b, 0x56, 0xff, 0x18, 0x3b, 0x56, 0xff, 0x18, 0x3b, 0x56, 0xff,
    0x18, 0x3b, 0x56, 0xff, 0x18, 0x3b, 0x56, 0xff, 0x18, 0x3b, 0x56, 0xff, 0x18, 0x3a, 0x56, 0xfb,
    0x1a, 0x3f, 0x5c, 0xff, 0x18, 0x3a, 0x56, 0x88, 0x00, 0x00, 0x00, 0x00, 0x00, 0x33, 0x66, 0x05,
    0x00, 0x33, 0x66, 0x05, 0x00, 0x00, 0x00, 0x00, 0x17, 0x3b, 0x55, 0x80, 0x1a, 0x3f, 0x5c, 0xff,
    0x18, 0x3a, 0x56, 0xfb, 0x18, 0x3b, 0x56, 0xff, 0x18, 0x3b, 0x56, 0xff, 0x18, 0x3b, 0x56, 0xff,
    0x18, 0x3b, 0x56, 0xff, 0x18, 0x3b, 0x56, 0xff, 0x18, 0x3b, 0x56, 0xff, 0x18, 0x3b, 0x56, 0xff,
    0x18, 0x3b, 0x56, 0xff, 0x18, 0x3b, 0x56, 0xff, 0x18, 0x3b, 0x56, 0xff, 0x18, 0x3b, 0x56, 0xff,
    0x18, 0x3b, 0x56, 0xff, 0x18, 0x3b, 0x56, 0xff, 0x18, 0x3b, 0x56, 0xff, 0x18, 0x3b, 0x56, 0xff,
    0x18, 0x3b, 0x56, 0xff, 0x19, 0x3c, 0x57, 0xff, 0x13, 0x37, 0x53, 0xff, 0x34, 0x53, 0x6b, 0xff,
    0xe5, 0xeb, 0xf0, 0xff, 0xff, 0xff, 0xff, 0xff, 0xff, 0xff, 0xff, 0xff, 0xff, 0xff, 0xff, 0xff,
    0xff, 0xff, 0xff, 0xff, 0xf9, 0xfe, 0xff, 0xff, 0xf4, 0xfa, 0xff, 0xff, 0xf5, 0xfa, 0xff, 0xff,
    0xf5, 0xfa, 0xff, 0xff, 0xf4, 0xfa, 0xff, 0xff, 0xf9, 0xfd, 0xff, 0xff, 0xff, 0xff, 0xff, 0xff,
    0xff, 0xff, 0xff, 0xff, 0xff, 0xff, 0xff, 0xff, 0xff, 0xff, 0xff, 0xff, 0xe9, 0xef, 0xf3, 0xff,
    0x38, 0x56, 0x6e, 0xff, 0x13, 0x37, 0x52, 0xff, 0x19, 0x3c, 0x57, 0xff, 0x18, 0x3b, 0x56, 0xff,
    0x18, 0x3b, 0x56, 0xff, 0x18, 0x3b, 0x56, 0xff, 0x18, 0x3b, 0x56, 0xff, 0x18, 0x3b, 0x56, 0xff,
    0x18, 0x3b, 0x56, 0xff, 0x18, 0x3b, 0x56, 0xff, 0x18, 0x3b, 0x56, 0xff, 0x18, 0x3b, 0x56, 0xff,
    0x18, 0x3b, 0x56, 0xff, 0x18, 0x3b, 0x56, 0xff, 0x18, 0x3b, 0x56, 0xff, 0x18, 0x3b, 0x56, 0xff,
    0x18, 0x3b, 0x56, 0xff, 0x18, 0x3b, 0x56, 0xff, 0x18, 0x3b, 0x56, 0xff, 0x18, 0x3a, 0x56, 0xfb,
    0x1a, 0x3f, 0x5c, 0xff, 0x18, 0x3a, 0x56, 0x88, 0x00, 0x00, 0x00, 0x00, 0x00, 0x33, 0x66, 0x05,
    0x00, 0x33, 0x66, 0x05, 0x00, 0x00, 0x00, 0x00, 0x17, 0x3b, 0x55, 0x80, 0x1a, 0x3f, 0x5c, 0xff,
    0x18, 0x3a, 0x56, 0xfb, 0x18, 0x3b, 0x56, 0xff, 0x18, 0x3b, 0x56, 0xff, 0x18, 0x3b, 0x56, 0xff,
    0x18, 0x3b, 0x56, 0xff, 0x18, 0x3b, 0x56, 0xff, 0x18, 0x3b, 0x56, 0xff, 0x18, 0x3b, 0x56, 0xff,
    0x18, 0x3b, 0x56, 0xff, 0x18, 0x3b, 0x56, 0xff, 0x18, 0x3b, 0x56, 0xff, 0x18, 0x3b, 0x56, 0xff,
    0x18, 0x3b, 0x56, 0xff, 0x18, 0x3b, 0x56, 0xff, 0x18, 0x3b, 0x56, 0xff, 0x18, 0x3b, 0x56, 0xff,
    0x18, 0x3b, 0x56, 0xff, 0x19, 0x3c, 0x57, 0xff, 0x11, 0x35, 0x51, 0xff, 0x64, 0x7d, 0x90, 0xff,
    0x99, 0xa8, 0xb4, 0xff, 0x8a, 0x9e, 0xae, 0xff, 0x8e, 0xa1, 0xb0, 0xff, 0x8e, 0xa1, 0xb0, 0xff,
    0x89, 0x9d, 0xad, 0xff, 0xda, 0xe3, 0xea, 0xff, 0xfa, 0xfc, 0xff, 0xff, 0xf4, 0xf9, 0xfe, 0xff,
    0xf4, 0xf9, 0xfe, 0xff, 0xfa, 0xfc, 0xff, 0xff, 0xdd, 0xe5, 0xed, 0xff, 0x8a, 0x9e, 0xad, 0xff,
    0x8e, 0xa1, 0xb0, 0xff, 0x8e, 0xa1, 0xb0, 0xff, 0x8a, 0x9e, 0xae, 0xff, 0x98, 0xa8, 0xb4, 0xff,
    0x68, 0x80, 0x93, 0xff, 0x12, 0x35, 0x51, 0xff, 0x19, 0x3c, 0x57, 0xff, 0x18, 0x3b, 0x56, 0xff,
    0x18, 0x3b, 0x56, 0xff, 0x18, 0x3b, 0x56, 0xff, 0x18, 0x3b, 0x56, 0xff, 0x18, 0x3b, 0x56, 0xff,
    0x18, 0x3b, 0x56, 0xff, 0x18, 0x3b, 0x56, 0xff, 0x18, 0x3b, 0x56, 0xff, 0x18, 0x3b, 0x56, 0xff,
    0x18, 0x3b, 0x56, 0xff, 0x18, 0x3b, 0x56, 0xff, 0x18, 0x3b, 0x56, 0xff, 0x18, 0x3b, 0x56, 0xff,
    0x18, 0x3b, 0x56, 0xff, 0x18, 0x3b, 0x56, 0xff, 0x18, 0x3b, 0x56, 0xff, 0x18, 0x3a, 0x56, 0xfb,
    0x1a, 0x3f, 0x5c, 0xff, 0x18, 0x3a, 0x56, 0x88, 0x00, 0x00, 0x00, 0x00, 0x00, 0x33, 0x66, 0x05,
    0x00, 0x33, 0x66, 0x05, 0x00, 0x00, 0x00, 0x00, 0x17, 0x3b, 0x55, 0x80, 0x1a, 0x3f, 0x5c, 0xff,
    0x18, 0x3a, 0x56, 0xfb, 0x18, 0x3b, 0x56, 0xff, 0x18, 0x3b, 0x56, 0xff, 0x18, 0x3b, 0x56, 0xff,
    0x18, 0x3b, 0x56, 0xff, 0x18, 0x3b, 0x56, 0xff, 0x18, 0x3b, 0x56, 0xff, 0x18, 0x3b, 0x56, 0xff,
    0x18, 0x3b, 0x56, 0xff, 0x18, 0x3b, 0x56, 0xff, 0x18, 0x3b, 0x56, 0xff, 0x18, 0x3b, 0x56, 0xff,
    0x18, 0x3b, 0x56, 0xff, 0x18, 0x3b, 0x56, 0xff, 0x18, 0x3b, 0x56, 0xff, 0x18, 0x3b, 0x56, 0xff,
    0x18, 0x3b, 0x56, 0xff, 0x18, 0x3b, 0x56, 0xff, 0x19, 0x3c, 0x57, 0xff, 0x0f, 0x33, 0x4f, 0xff,
    0x06, 0x2b, 0x49, 0xff, 0x08, 0x2d, 0x4a, 0xff, 0x08, 0x2d, 0x4a, 0xff, 0x0a, 0x2f, 0x4b, 0xff,
    0x00, 0x25, 0x42, 0xff, 0xb8, 0xc6, 0xd0, 0xff, 0xff, 0xff, 0xff, 0xff, 0xf2, 0xf8, 0xfd, 0xff,
    0xf3, 0xf8, 0xfd, 0xff, 0xff, 0xff, 0xff, 0xff, 0xbf, 0xcb, 0xd5, 0xff, 0x01, 0x27, 0x43, 0xff,
    0x09, 0x2e, 0x4b, 0xff, 0x08, 0x2d, 0x4a, 0xff, 0x08, 0x2d, 0x4a, 0xff, 0x06, 0x2b, 0x49, 0xff,
    0x0e, 0x33, 0x4f, 0xff, 0x19, 0x3c, 0x57, 0xff, 0x18, 0x3b, 0x56, 0xff, 0x18, 0x3b, 0x56, 0xff,
    0x18, 0x3b, 0x56, 0xff, 0x18, 0x3b, 0x56, 0xff, 0x18, 0x3b, 0x56, 0xff, 0x18, 0x3b, 0x56, 0xff,
    0x18, 0x3b, 0x56, 0xff, 0x18, 0x3b, 0x56, 0xff, 0x18, 0x3b, 0x56, 0xff, 0x18, 0x3b, 0x56, 0xff,
    0x18, 0x3b, 0x56, 0xff, 0x18, 0x3b, 0x56, 0xff, 0x18, 0x3b, 0x56, 0xff, 0x18, 0x3b, 0x56, 0xff,
    0x18, 0x3b, 0x56, 0xff, 0x18, 0x3b, 0x56, 0xff, 0x18, 0x3b, 0x56, 0xff, 0x18, 0x3a, 0x56, 0xfb,
    0x1a, 0x3f, 0x5c, 0xff, 0x18, 0x3a, 0x56, 0x88, 0x00, 0x00, 0x00, 0x00, 0x00, 0x33, 0x66, 0x05,
    0x00, 0x33, 0x66, 0x05, 0x00, 0x00, 0x00, 0x00, 0x17, 0x3b, 0x55, 0x80, 0x1a, 0x3f, 0x5c, 0xff,
    0x18, 0x3a, 0x56, 0xfb, 0x18, 0x3b, 0x56, 0xff, 0x18, 0x3b, 0x56, 0xff, 0x18, 0x3b, 0x56, 0xff,
    0x18, 0x3b, 0x56, 0xff, 0x18, 0x3b, 0x56, 0xff, 0x18, 0x3b, 0x56, 0xff, 0x18, 0x3b, 0x56, 0xff,
    0x18, 0x3b, 0x56, 0xff, 0x18, 0x3b, 0x56, 0xff, 0x18, 0x3b, 0x56, 0xff, 0x18, 0x3b, 0x56, 0xff,
    0x18, 0x3b, 0x56, 0xff, 0x18, 0x3b, 0x56, 0xff, 0x18, 0x3b, 0x56, 0xff, 0x18, 0x3b, 0x56, 0xff,
    0x18, 0x3b, 0x56, 0xff, 0x18, 0x3b, 0x56, 0xff, 0x18, 0x3b, 0x56, 0xff, 0x1a, 0x3d, 0x57, 0xff,
    0x1c, 0x3e, 0x59, 0xff, 0x1c, 0x3e, 0x59, 0xff, 0x1d, 0x3f, 0x58, 0xff, 0x20, 0x41, 0x59, 0xff,
    0x10, 0x36, 0x53, 0xff, 0xbb, 0xc9, 0xd5, 0xff, 0xff, 0xff, 0xff, 0xff, 0xf2, 0xf8, 0xfd, 0xff,
    0xf3, 0xf8, 0xfd, 0xff, 0xff, 0xff, 0xff, 0xff, 0xc1, 0xce, 0xd9, 0xff, 0x12, 0x37, 0x54, 0xff,
    0x1f, 0x40, 0x59, 0xff, 0x1d, 0x3f, 0x58, 0xff, 0x1c, 0x3e, 0x59, 0xff, 0x1c, 0x3e, 0x59, 0xff,
    0x1a, 0x3d, 0x57, 0xff, 0x18, 0x3b, 0x56, 0xff, 0x18, 0x3b, 0x56, 0xff, 0x18, 0x3b, 0x56, 0xff,
    0x18, 0x3b, 0x56, 0xff, 0x18, 0x3b, 0x56, 0xff, 0x18, 0x3b, 0x56, 0xff, 0x18, 0x3b, 0x56, 0xff,
    0x18, 0x3b, 0x56, 0xff, 0x18, 0x3b, 0x56, 0xff, 0x18, 0x3b, 0x56, 0xff, 0x18, 0x3b, 0x56, 0xff,
    0x18, 0x3b, 0x56, 0xff, 0x18, 0x3b, 0x56, 0xff, 0x18, 0x3b, 0x56, 0xff, 0x18, 0x3b, 0x56, 0xff,
    0x18, 0x3b, 0x56, 0xff, 0x18, 0x3b, 0x56, 0xff, 0x18, 0x3b, 0x56, 0xff, 0x18, 0x3a, 0x56, 0xfb,
    0x1a, 0x3f, 0x5c, 0xff, 0x18, 0x3a, 0x56, 0x88, 0x00, 0x00, 0x00, 0x00, 0x00, 0x33, 0x66, 0x05,
    0x00, 0x33, 0x66, 0x05, 0x00, 0x00, 0x00, 0x00, 0x17, 0x3b, 0x55, 0x80, 0x1a, 0x3f, 0x5c, 0xff,
    0x18, 0x3a, 0x56, 0xfb, 0x18, 0x3b, 0x56, 0xff, 0x18, 0x3b, 0x56, 0xff, 0x18, 0x3b, 0x56, 0xff,
    0x18, 0x3b, 0x56, 0xff, 0x18, 0x3b, 0x56, 0xff, 0x18, 0x3b, 0x56, 0xff, 0x18, 0x3b, 0x56, 0xff,
    0x18, 0x3b, 0x56, 0xff, 0x18, 0x3b, 0x56, 0xff, 0x18, 0x3b, 0x56, 0xff, 0x18, 0x3b, 0x56, 0xff,
    0x18, 0x3b, 0x56, 0xff, 0x18, 0x3b, 0x56, 0xff, 0x18, 0x3b, 0x56, 0xff, 0x18, 0x3b, 0x56, 0xff,
    0x18, 0x3b, 0x56, 0xff, 0x18, 0x3b, 0x56, 0xff, 0x18, 0x3b, 0x56, 0xff, 0x19, 0x3b, 0x56, 0xff,
    0x1a, 0x3c, 0x55, 0xff, 0x18, 0x3b, 0x56, 0xff, 0x11, 0x39, 0x59, 0xff, 0x10, 0x3a, 0x5c, 0xff,
    0x1b, 0x36, 0x4a, 0xff, 0xc6, 0xcb, 0xcf, 0xff, 0xfd, 0xff, 0xff, 0xff, 0xf2, 0xf8, 0xfd, 0xff,
    0xf3, 0xf8, 0xfd, 0xff, 0xfd, 0xff, 0xff, 0xff, 0xcb, 0xd0, 0xd4, 0xff, 0x1e, 0x38, 0x4b, 0xff,
    0x0f, 0x39, 0x5b, 0xff, 0x11, 0x39, 0x59, 0xff, 0x18, 0x3b, 0x56, 0xff, 0x1a, 0x3c, 0x55, 0xff,
    0x19, 0x3b, 0x56, 0xff, 0x18, 0x3b, 0x56, 0xff, 0x18, 0x3b, 0x56, 0xff, 0x18, 0x3b, 0x56, 0xff,
    0x18, 0x3b, 0x56, 0xff, 0x18, 0x3b, 0x56, 0xff, 0x18, 0x3b, 0x56, 0xff, 0x18, 0x3b, 0x56, 0xff,
    0x18, 0x3b, 0x56, 0xff, 0x18, 0x3b, 0x56, 0xff, 0x18, 0x3b, 0x56, 0xff, 0x18, 0x3b, 0x56, 0xff,
    0x18, 0x3b, 0x56, 0xff, 0x18, 0x3b, 0x56, 0xff, 0x18, 0x3b, 0x56, 0xff, 0x18, 0x3b, 0x56, 0xff,
    0x18, 0x3b, 0x56, 0xff, 0x18, 0x3b, 0x56, 0xff, 0x18, 0x3b, 0x56, 0xff, 0x18, 0x3a, 0x56, 0xfb,
    0x1a, 0x3f, 0x5c, 0xff, 0x18, 0x3a, 0x56, 0x88, 0x00, 0x00, 0x00, 0x00, 0x00, 0x33, 0x66, 0x05,
    0x00, 0x33, 0x66, 0x05, 0x00, 0x00, 0x00, 0x00, 0x17, 0x3b, 0x55, 0x80, 0x1a, 0x3f, 0x5c, 0xff,
    0x18, 0x3a, 0x56, 0xfb, 0x18, 0x3b, 0x56, 0xff, 0x18, 0x3b, 0x56, 0xff, 0x18, 0x3b, 0x56, 0xff,
    0x18, 0x3b, 0x56, 0xff, 0x18, 0x3b, 0x56, 0xff, 0x18, 0x3b, 0x56, 0xff, 0x18, 0x3b, 0x56, 0xff,
    0x18, 0x3b, 0x56, 0xff, 0x18, 0x3b, 0x56, 0xff, 0x18, 0x3b, 0x56, 0xff, 0x18, 0x3b, 0x56, 0xff,
    0x18, 0x3b, 0x56, 0xff, 0x18, 0x3b, 0x56, 0xff, 0x18, 0x3b, 0x56, 0xff, 0x18, 0x3b, 0x56, 0xff,
    0x18, 0x3b, 0x56, 0xff, 0x1a, 0x3b, 0x55, 0xff, 0x1a, 0x3b, 0x55, 0xff, 0x15, 0x3a, 0x57, 0xff,
    0x0e, 0x38, 0x5a, 0xff, 0x15, 0x3a, 0x57, 0xff, 0x38, 0x43, 0x49, 0xff, 0x6d, 0x51, 0x34, 0xff,
    0x96, 0x55, 0x15, 0xff, 0xe2, 0xd2, 0xc3, 0xff, 0xf9, 0xff, 0xff, 0xff, 0xf4, 0xf8, 0xfc, 0xff,
    0xf4, 0xf8, 0xfd, 0xff, 0xf8, 0xff, 0xff, 0xff, 0xe4, 0xd6, 0xc9, 0xff, 0x98, 0x57, 0x17, 0xff,
    0x6e, 0x51, 0x33, 0xff, 0x39, 0x44, 0x48, 0xff, 0x16, 0x3a, 0x57, 0xff, 0x0e, 0x38, 0x5a, 0xff,
    0x15, 0x3a, 0x57, 0xff, 0x1a, 0x3b, 0x55, 0xff, 0x1a, 0x3b, 0x55, 0xff, 0x18, 0x3b, 0x56, 0xff,
    0x18, 0x3b, 0x56, 0xff, 0x18, 0x3b, 0x56, 0xff, 0x18, 0x3b, 0x56, 0xff, 0x18, 0x3b, 0x56, 0xff,
    0x18, 0x3b, 0x56, 0xff, 0x18, 0x3b, 0x56, 0xff, 0x18, 0x3b, 0x56, 0xff, 0x18, 0x3b, 0x56, 0xff,
    0x18, 0x3b, 0x56, 0xff, 0x18, 0x3b, 0x56, 0xff, 0x18, 0x3b, 0x56, 0xff, 0x18, 0x3b, 0x56, 0xff,
    0x18, 0x3b, 0x56, 0xff, 0x18, 0x3b, 0x56, 0xff, 0x18, 0x3b, 0x56, 0xff, 0x18, 0x3a, 0x56, 0xfb,
    0x1a, 0x3f, 0x5c, 0xff, 0x18, 0x3a, 0x56, 0x88, 0x00, 0x00, 0x00, 0x00, 0x00, 0x33, 0x66, 0x05,
    0x00, 0x33, 0x66, 0x05, 0x00, 0x00, 0x00, 0x00, 0x17, 0x3b, 0x55, 0x80, 0x1a, 0x3f, 0x5c, 0xff,
    0x18, 0x3a, 0x56, 0xfb, 0x18, 0x3b, 0x56, 0xff, 0x18, 0x3b, 0x56, 0xff, 0x18, 0x3b, 0x56, 0xff,
    0x18, 0x3b, 0x56, 0xff, 0x18, 0x3b, 0x56, 0xff, 0x18, 0x3b, 0x56, 0xff, 0x18, 0x3b, 0x56, 0xff,
    0x18, 0x3b, 0x56, 0xff, 0x18, 0x3b, 0x56, 0xff, 0x18, 0x3b, 0x56, 0xff, 0x18, 0x3b, 0x56, 0xff,
    0x18, 0x3b, 0x56, 0xff, 0x18, 0x3b, 0x56, 0xff, 0x19, 0x3b, 0x56, 0xff, 0x1a, 0x3c, 0x55, 0xff,
    0x18, 0x3b, 0x56, 0xff, 0x10, 0x39, 0x59, 0xff, 0x0f, 0x39, 0x5a, 0xff, 0x25, 0x3e, 0x50, 0xff,
    0x54, 0x4a, 0x3c, 0xff, 0x88, 0x57, 0x26, 0xff, 0xa8, 0x5f, 0x19, 0xff, 0xae, 0x62, 0x19, 0xff,
    0xa2, 0x58, 0x11, 0xff, 0xdf, 0xd2, 0xc4, 0xff, 0xf9, 0xff, 0xff, 0xff, 0xf4, 0xf8, 0xfc, 0xff,
    0xf4, 0xf8, 0xfd, 0xff, 0xf9, 0xff, 0xff, 0xff, 0xe1, 0xd6, 0xca, 0xff, 0xa2, 0x5a, 0x13, 0xff,
    0xad, 0x61, 0x18, 0xff, 0xa8, 0x5f, 0x19, 0xff, 0x89, 0x58, 0x26, 0xff, 0x56, 0x4b, 0x3c, 0xff,
    0x26, 0x3f, 0x50, 0xff, 0x10, 0x39, 0x5a, 0xff, 0x10, 0x39, 0x59, 0xff, 0x18, 0x3b, 0x56, 0xff,
    0x1a, 0x3c, 0x55, 0xff, 0x19, 0x3b, 0x56, 0xff, 0x18, 0x3b, 0x56, 0xff, 0x18, 0x3b, 0x56, 0xff,
    0x18, 0x3b, 0x56, 0xff, 0x18, 0x3b, 0x56, 0xff, 0x18, 0x3b, 0x56, 0xff, 0x18, 0x3b, 0x56, 0xff,
    0x18, 0x3b, 0x56, 0xff, 0x18, 0x3b, 0x56, 0xff, 0x18, 0x3b, 0x56, 0xff, 0x18, 0x3b, 0x56, 0xff,
    0x18, 0x3b, 0x56, 0xff, 0x18, 0x3b, 0x56, 0xff, 0x18, 0x3b, 0x56, 0xff, 0x18, 0x3a, 0x56, 0xfb,
    0x1a, 0x3f, 0x5c, 0xff, 0x18, 0x3a, 0x56, 0x88, 0x00, 0x00, 0x00, 0x00, 0x00, 0x33, 0x66, 0x05,
    0x00, 0x33, 0x66, 0x05, 0x00, 0x00, 0x00, 0x00, 0x17, 0x3b, 0x55, 0x80, 0x1a, 0x3f, 0x5c, 0xff,
    0x18, 0x3a, 0x56, 0xfb, 0x18, 0x3b, 0x56, 0xff, 0x18, 0x3b, 0x56, 0xff, 0x18, 0x3b, 0x56, 0xff,
    0x18, 0x3b, 0x56, 0xff, 0x18, 0x3b, 0x56, 0xff, 0x18, 0x3b, 0x56, 0xff, 0x18, 0x3b, 0x56, 0xff,
    0x18, 0x3b, 0x56, 0xff, 0x18, 0x3b, 0x56, 0xff, 0x18, 0x3b, 0x56, 0xff, 0x18, 0x3b, 0x56, 0xff,
    0x1a, 0x3b, 0x55, 0xff, 0x1a, 0x3b, 0x55, 0xff, 0x14, 0x3a, 0x58, 0xff, 0x0e, 0x38, 0x5a, 0xff,
    0x18, 0x3b, 0x56, 0xff, 0x3e, 0x44, 0x46, 0xff, 0x73, 0x52, 0x30, 0xff, 0x9d, 0x5d, 0x1d, 0xff,
    0xad, 0x61, 0x17, 0xff, 0xa9, 0x60, 0x18, 0xff, 0xa2, 0x5e, 0x1b, 0xff, 0xa2, 0x5e, 0x1e, 0xff,
    0x9f, 0x58, 0x12, 0xff, 0xe0, 0xd2, 0xc3, 0xff, 0xf9, 0xfe, 0xfe, 0xff, 0xf4, 0xf7, 0xfb, 0xff,
    0xf4, 0xf7, 0xfc, 0xff, 0xf9, 0xfe, 0xfe, 0xff, 0xe2, 0xd6, 0xc9, 0xff, 0x9f, 0x59, 0x14, 0xff,
    0xa2, 0x5e, 0x1d, 0xff, 0xa2, 0x5e, 0x1b, 0xff, 0xa9, 0x5f, 0x19, 0xff, 0xad, 0x61, 0x17, 0xff,
    0x9e, 0x5d, 0x1d, 0xff, 0x74, 0x52, 0x2f, 0xff, 0x3f, 0x45, 0x45, 0xff, 0x19, 0x3b, 0x56, 0xff,
    0x0e, 0x38, 0x5a, 0xff, 0x13, 0x3a, 0x58, 0xff, 0x1a, 0x3b, 0x55, 0xff, 0x1a, 0x3b, 0x55, 0xff,
    0x18, 0x3b, 0x56, 0xff, 0x18, 0x3b, 0x56, 0xff, 0x18, 0x3b, 0x56, 0xff, 0x18, 0x3b, 0x56, 0xff,
    0x18, 0x3b, 0x56, 0xff, 0x18, 0x3b, 0x56, 0xff, 0x18, 0x3b, 0x56, 0xff, 0x18, 0x3b, 0x56, 0xff,
    0x18, 0x3b, 0x56, 0xff, 0x18, 0x3b, 0x56, 0xff, 0x18, 0x3b, 0x56, 0xff, 0x18, 0x3a, 0x56, 0xfb,
    0x1a, 0x3f, 0x5c, 0xff, 0x18, 0x3a, 0x56, 0x88, 0x00, 0x00, 0x00, 0x00, 0x00, 0x33, 0x66, 0x05,
    0x00, 0x33, 0x66, 0x05, 0x00, 0x00, 0x00, 0x00, 0x17, 0x3b, 0x55, 0x80, 0x1a, 0x3f, 0x5c, 0xff,
    0x18, 0x3a, 0x56, 0xfb, 0x18, 0x3b, 0x56, 0xff, 0x18, 0x3b, 0x56, 0xff, 0x18, 0x3b, 0x56, 0xff,
    0x18, 0x3b, 0x56, 0xff, 0x18, 0x3b, 0x56, 0xff, 0x18, 0x3b, 0x56, 0xff, 0x18, 0x3b, 0x56, 0xff,
    0x18, 0x3b, 0x56, 0xff, 0x18, 0x3b, 0x56, 0xff, 0x1b, 0x3d, 0x56, 0xff, 0x18, 0x3c, 0x57, 0xff,
    0x0f, 0x39, 0x5a, 0xff, 0x10, 0x39, 0x59, 0xff, 0x2a, 0x40, 0x4e, 0xff, 0x5b, 0x4c, 0x3a, 0xff,
    0x8d, 0x59, 0x24, 0xff, 0xaa, 0x60, 0x18, 0xff, 0xac, 0x60, 0x17, 0xff, 0xa5, 0x5e, 0x1a, 0xff,
    0xa1, 0x5d, 0x1c, 0xff, 0xa2, 0x5e, 0x1c, 0xff, 0xa3, 0x5e, 0x1b, 0xff, 0xa4, 0x5f, 0x1d, 0xff,
    0xa0, 0x58, 0x12, 0xff, 0xe1, 0xd4, 0xc6, 0xff, 0xfa, 0xff, 0xff, 0xff, 0xf5, 0xfa, 0xff, 0xff,
    0xf5, 0xfa, 0xff, 0xff, 0xfa, 0xff, 0xff, 0xff, 0xe3, 0xd8, 0xcc, 0xff, 0xa0, 0x59, 0x14, 0xff,
    0xa4, 0x5f, 0x1c, 0xff, 0xa3, 0x5e, 0x1b, 0xff, 0xa2, 0x5e, 0x1c, 0xff, 0xa1, 0x5d, 0x1c, 0xff,
    0xa4, 0x5e, 0x1a, 0xff, 0xac, 0x60, 0x17, 0xff, 0xaa, 0x60, 0x18, 0xff, 0x8f, 0x59, 0x24, 0xff,
    0x5d, 0x4c, 0x39, 0xff, 0x2b, 0x40, 0x4e, 0xff, 0x11, 0x39, 0x59, 0xff, 0x0f, 0x39, 0x5a, 0xff,
    0x17, 0x3b, 0x57, 0xff, 0x1b, 0x3d, 0x57, 0xff, 0x18, 0x3b, 0x56, 0xff, 0x18, 0x3b, 0x56, 0xff,
    0x18, 0x3b, 0x56, 0xff, 0x18, 0x3b, 0x56, 0xff, 0x18, 0x3b, 0x56, 0xff, 0x18, 0x3b, 0x56, 0xff,
    0x18, 0x3b, 0x56, 0xff, 0x18, 0x3b, 0x56, 0xff, 0x18, 0x3b, 0x56, 0xff, 0x18, 0x3a, 0x56, 0xfb,
    0x1a, 0x3f, 0x5c, 0xff, 0x18, 0x3a, 0x56, 0x88, 0x00, 0x00, 0x00, 0x00, 0x00, 0x33, 0x66, 0x05,
    0x00, 0x33, 0x66, 0x05, 0x00, 0x00, 0x00, 0x00, 0x17, 0x3b, 0x55, 0x80, 0x1a, 0x3f, 0x5c, 0xff,
    0x18, 0x3a, 0x56, 0xfb, 0x18, 0x3b, 0x56, 0xff, 0x18, 0x3b, 0x56, 0xff, 0x18, 0x3b, 0x56, 0xff,
    0x18, 0x3b, 0x56, 0xff, 0x18, 0x3b, 0x56, 0xff, 0x18, 0x3b, 0x56, 0xff, 0x18, 0x3b, 0x56, 0xff,
    0x18, 0x3b, 0x56, 0xff, 0x19, 0x3c, 0x56, 0xff, 0x0a, 0x32, 0x55, 0xff, 0x18, 0x39, 0x53, 0xff,
    0x45, 0x48, 0x44, 0xff, 0x7a, 0x55, 0x2e, 0xff, 0xa1, 0x5e, 0x1c, 0xff, 0xad, 0x61, 0x17, 0xff,
    0xa8, 0x5f, 0x19, 0xff, 0xa2, 0x5e, 0x1c, 0xff, 0xa1, 0x5d, 0x1c, 0xff, 0xa3, 0x5e, 0x1b, 0xff,
    0xa3, 0x5e, 0x1b, 0xff, 0xa3, 0x5e, 0x1b, 0xff, 0xa3, 0x5e, 0x1b, 0xff, 0xa4, 0x5f, 0x1d, 0xff,
    0xa0, 0x58, 0x12, 0xff, 0xdd, 0xcc, 0xbc, 0xff, 0xf5, 0xf7, 0xf4, 0xff, 0xf0, 0xf0, 0xf1, 0xff,
    0xf0, 0xf0, 0xf2, 0xff, 0xf5, 0xf7, 0xf4, 0xff, 0xdf, 0xd0, 0xc1, 0xff, 0xa0, 0x59, 0x14, 0xff,
    0xa4, 0x5f, 0x1c, 0xff, 0xa3, 0x5e, 0x1b, 0xff, 0xa3, 0x5e, 0x1b, 0xff, 0xa3, 0x5e, 0x1b, 0xff,
    0xa3, 0x5e, 0x1b, 0xff, 0xa1, 0x5d, 0x1c, 0xff, 0xa1, 0x5e, 0x1c, 0xff, 0xa8, 0x5f, 0x19, 0xff,
    0xad, 0x61, 0x17, 0xff, 0xa2, 0x5e, 0x1c, 0xff, 0x7c, 0x55, 0x2d, 0xff, 0x47, 0x48, 0x44, 0xff,
    0x1a, 0x39, 0x51, 0xff, 0x09, 0x31, 0x53, 0xff, 0x19, 0x3c, 0x56, 0xff, 0x19, 0x3b, 0x56, 0xff,
    0x18, 0x3b, 0x56, 0xff, 0x18, 0x3b, 0x56, 0xff, 0x18, 0x3b, 0x56, 0xff, 0x18, 0x3b, 0x56, 0xff,
    0x18, 0x3b, 0x56, 0xff, 0x18, 0x3b, 0x56, 0xff, 0x18, 0x3b, 0x56, 0xff, 0x18, 0x3a, 0x56, 0xfb,
    0x1a, 0x3f, 0x5c, 0xff, 0x18, 0x3a, 0x56, 0x88, 0x00, 0x00, 0x00, 0x00, 0x00, 0x33, 0x66, 0x05,
    0x00, 0x33, 0x66, 0x05, 0x00, 0x00, 0x00, 0x00, 0x17, 0x3b, 0x55, 0x80, 0x1a, 0x3f, 0x5c, 0xff,
    0x18, 0x3a, 0x56, 0xfb, 0x18, 0x3b, 0x56, 0xff, 0x18, 0x3b, 0x56, 0xff, 0x18, 0x3b, 0x56, 0xff,
    0x18, 0x3b, 0x56, 0xff, 0x18, 0x3b, 0x56, 0xff, 0x18, 0x3b, 0x56, 0xff, 0x18, 0x3b, 0x56, 0xff,
    0x19, 0x3b, 0x56, 0xff, 0x10, 0x37, 0x57, 0xff, 0x78, 0x70, 0x54, 0xff, 0xa0, 0x68, 0x2b, 0xff,
    0xa5, 0x59, 0x13, 0xff, 0xa6, 0x5a, 0x13, 0xff, 0xa3, 0x5e, 0x1a, 0xff, 0xa2, 0x5f, 0x1d, 0xff,
    0xa3, 0x5f, 0x1c, 0xff, 0xa3, 0x5e, 0x1b, 0xff, 0xa3, 0x5e, 0x1b, 0xff, 0xa3, 0x5e, 0x1b, 0xff,
    0xa3, 0x5e, 0x1b, 0xff, 0xa3, 0x5e, 0x1b, 0xff, 0xa3, 0x5e, 0x1b, 0xff, 0xa3, 0x5e, 0x1b, 0xff,
    0xa3, 0x5d, 0x1a, 0xff, 0xa8, 0x68, 0x2a, 0xff, 0xab, 0x6c, 0x2f, 0xff, 0xaa, 0x6c, 0x2f, 0xff,
    0xaa, 0x6c, 0x2f, 0xff, 0xab, 0x6c, 0x2f, 0xff, 0xa9, 0x69, 0x2a, 0xff, 0xa3, 0x5e, 0x1a, 0xff,
    0xa3, 0x5e, 0x1b, 0xff, 0xa3, 0x5e, 0x1b, 0xff, 0xa3, 0x5e, 0x1b, 0xff, 0xa3, 0x5e, 0x1b, 0xff,
    0xa3, 0x5e, 0x1b, 0xff, 0xa3, 0x5e, 0x1b, 0xff, 0xa3, 0x5e, 0x1b, 0xff, 0xa3, 0x5f, 0x1c, 0xff,
    0xa2, 0x5f, 0x1e, 0xff, 0xa3, 0x5e, 0x1b, 0xff, 0xa6, 0x59, 0x11, 0xff, 0xa5, 0x58, 0x10, 0xff,
    0xa0, 0x69, 0x2e, 0xff, 0x7a, 0x76, 0x60, 0xff, 0x12, 0x38, 0x57, 0xff, 0x18, 0x3b, 0x55, 0xff,
    0x19, 0x3b, 0x56, 0xff, 0x18, 0x3b, 0x56, 0xff, 0x18, 0x3b, 0x56, 0xff, 0x18, 0x3b, 0x56, 0xff,
    0x18, 0x3b, 0x56, 0xff, 0x18, 0x3b, 0x56, 0xff, 0x18, 0x3b, 0x56, 0xff, 0x18, 0x3a, 0x56, 0xfb,
    0x1a, 0x3f, 0x5c, 0xff, 0x18, 0x3a, 0x56, 0x88, 0x00, 0x00, 0x00, 0x00, 0x00, 0x33, 0x66, 0x05,
    0x00, 0x33, 0x66, 0x05, 0x00, 0x00, 0x00, 0x00, 0x17, 0x3b, 0x55, 0x80, 0x1a, 0x3f, 0x5c, 0xff,
    0x18, 0x3a, 0x56, 0xfb, 0x18, 0x3b, 0x56, 0xff, 0x18, 0x3b, 0x56, 0xff, 0x18, 0x3b, 0x56, 0xff,
    0x18, 0x3b, 0x56, 0xff, 0x18, 0x3b, 0x56, 0xff, 0x18, 0x3b, 0x56, 0xff, 0x1c, 0x3e, 0x56, 0xff,
    0x06, 0x30, 0x55, 0xff, 0x87, 0x80, 0x5e, 0xff, 0xff, 0xda, 0x68, 0xff, 0xfe, 0xc9, 0x62, 0xff,
    0xdd, 0xa7, 0x4e, 0xff, 0xba, 0x7d, 0x31, 0xff, 0xa3, 0x5f, 0x1c, 0xff, 0x9c, 0x56, 0x15, 0xff,
    0xa0, 0x5a, 0x19, 0xff, 0xa4, 0x5f, 0x1c, 0xff, 0xa4, 0x60, 0x1c, 0xff, 0xa3, 0x5e, 0x1b, 0xff,
    0xa3, 0x5e, 0x1b, 0xff, 0xa3, 0x5e, 0x1b, 0xff, 0xa3, 0x5e, 0x1b, 0xff, 0xa3, 0x5e, 0x1b, 0xff,
    0xa3, 0x5e, 0x1b, 0xff, 0xa2, 0x5b, 0x17, 0xff, 0xa1, 0x5a, 0x16, 0xff, 0xa1, 0x5b, 0x16, 0xff,
    0xa1, 0x5b, 0x16, 0xff, 0xa1, 0x5a, 0x16, 0xff, 0xa2, 0x5b, 0x17, 0xff, 0xa3, 0x5e, 0x1b, 0xff,
    0xa3, 0x5e, 0x1b, 0xff, 0xa3, 0x5e, 0x1b, 0xff, 0xa3, 0x5e, 0x1b, 0xff, 0xa3, 0x5e, 0x1b, 0xff,
    0xa3, 0x5e, 0x1b, 0xff, 0xa4, 0x60, 0x1d, 0xff, 0xa4, 0x5f, 0x1c, 0xff, 0xa0, 0x5a, 0x18, 0xff,
    0x9c, 0x55, 0x13, 0xff, 0xa3, 0x5e, 0x1b, 0xff, 0xb9, 0x7f, 0x3a, 0xff, 0xdc, 0xae, 0x65, 0xff,
    0xfd, 0xd4, 0x85, 0xff, 0xff, 0xe9, 0x90, 0xff, 0x8e, 0x8b, 0x71, 0xff, 0x07, 0x2f, 0x52, 0xff,
    0x1c, 0x3e, 0x57, 0xff, 0x18, 0x3b, 0x56, 0xff, 0x18, 0x3b, 0x56, 0xff, 0x18, 0x3b, 0x56, 0xff,
    0x18, 0x3b, 0x56, 0xff, 0x18, 0x3b, 0x56, 0xff, 0x18, 0x3b, 0x56, 0xff, 0x18, 0x3a, 0x56, 0xfb,
    0x1a, 0x3f, 0x5c, 0xff, 0x18, 0x3a, 0x56, 0x88, 0x00, 0x00, 0x00, 0x00, 0x00, 0x33, 0x66, 0x05,
    0x00, 0x33, 0x66, 0x05, 0x00, 0x00, 0x00, 0x00, 0x17, 0x3b, 0x55, 0x80, 0x1a, 0x3f, 0x5c, 0xff,
    0x18, 0x3a, 0x56, 0xfb, 0x18, 0x3b, 0x56, 0xff, 0x18, 0x3b, 0x56, 0xff, 0x18, 0x3b, 0x56, 0xff,
    0x18, 0x3b, 0x56, 0xff, 0x18, 0x3b, 0x56, 0xff, 0x1d, 0x3e, 0x56, 0xff, 0x06, 0x30, 0x55, 0xff,
    0x6d, 0x6f, 0x5c, 0xff, 0xff, 0xd5, 0x67, 0xff, 0xfa, 0xca, 0x66, 0xff, 0xfe, 0xcc, 0x67, 0xff,
    0xff, 0xd3, 0x6b, 0xff, 0xff, 0xd1, 0x6a, 0xff, 0xf0, 0xbc, 0x5b, 0xff, 0xd0, 0x95, 0x40, 0xff,
    0xb0, 0x6d, 0x26, 0xff, 0x9e, 0x58, 0x17, 0xff, 0x9d, 0x57, 0x16, 0xff, 0xa2, 0x5d, 0x1a, 0xff,
    0xa5, 0x60, 0x1c, 0xff, 0xa4, 0x5f, 0x1c, 0xff, 0xa3, 0x5e, 0x1b, 0xff, 0xa3, 0x5e, 0x1b, 0xff,
    0xa3, 0x5e, 0x1b, 0xff, 0xa3, 0x5f, 0x1c, 0xff, 0xa3, 0x5f, 0x1c, 0xff, 0xa3, 0x5f, 0x1c, 0xff,
    0xa3, 0x5f, 0x1c, 0xff, 0xa3, 0x5f, 0x1c, 0xff, 0xa3, 0x5f, 0x1c, 0xff, 0xa3, 0x5e, 0x1b, 0xff,
    0xa3, 0x5e, 0x1b, 0xff, 0xa3, 0x5e, 0x1b, 0xff, 0xa4, 0x5f, 0x1c, 0xff, 0xa5, 0x60, 0x1d, 0xff,
    0xa2, 0x5d, 0x1a, 0xff, 0x9e, 0x56, 0x14, 0xff, 0x9e, 0x57, 0x15, 0xff, 0xaf, 0x6e, 0x2a, 0xff,
    0xcf, 0x9a, 0x51, 0xff, 0xef, 0xc6, 0x7a, 0xff, 0xff, 0xdf, 0x90, 0xff, 0xff, 0xe1, 0x92, 0xff,
    0xff, 0xda, 0x8c, 0xff, 0xfa, 0xd6, 0x8a, 0xff, 0xff, 0xe3, 0x8e, 0xff, 0x73, 0x79, 0x6b, 0xff,
    0x06, 0x2f, 0x52, 0xff, 0x1d, 0x3e, 0x57, 0xff, 0x18, 0x3b, 0x56, 0xff, 0x18, 0x3b, 0x56, 0xff,
    0x18, 0x3b, 0x56, 0xff, 0x18, 0x3b, 0x56, 0xff, 0x18, 0x3b, 0x56, 0xff, 0x18, 0x3a, 0x56, 0xfb,
    0x1a, 0x3f, 0x5c, 0xff, 0x18, 0x3a, 0x56, 0x88, 0x00, 0x00, 0x00, 0x00, 0x00, 0x33, 0x66, 0x05,
    0x00, 0x33, 0x66, 0x05, 0x00, 0x00, 0x00, 0x00, 0x17, 0x3b, 0x55, 0x80, 0x1a, 0x3f, 0x5c, 0xff,
    0x18, 0x3a, 0x56, 0xfb, 0x18, 0x3b, 0x56, 0xff, 0x18, 0x3b, 0x56, 0xff, 0x18, 0x3b, 0x56, 0xff,
    0x18, 0x3b, 0x56, 0xff, 0x1d, 0x3e, 0x56, 0xff, 0x09, 0x32, 0x55, 0xff, 0x52, 0x5f, 0x5a, 0xff,
    0xfc, 0xcf, 0x66, 0xff, 0xfc, 0xcd, 0x66, 0xff, 0xfe, 0xcb, 0x66, 0xff, 0xff, 0xcc, 0x66, 0xff,
    0xfe, 0xca, 0x65, 0xff, 0xfe, 0xcb, 0x65, 0xff, 0xff, 0xd0, 0x69, 0xff, 0xff, 0xd4, 0x6c, 0xff,
    0xfd, 0xcb, 0x65, 0xff, 0xe3, 0xac, 0x50, 0xff, 0xc0, 0x82, 0x34, 0xff, 0xa6, 0x61, 0x1d, 0xff,
    0x9c, 0x56, 0x16, 0xff, 0x9f, 0x5a, 0x18, 0xff, 0xa4, 0x5f, 0x1c, 0xff, 0xa4, 0x60, 0x1c, 0xff,
    0xa3, 0x5e, 0x1b, 0xff, 0xa3, 0x5e, 0x1b, 0xff, 0xa3, 0x5e, 0x1b, 0xff, 0xa3, 0x5e, 0x1b, 0xff,
    0xa3, 0x5e, 0x1b, 0xff, 0xa3, 0x5e, 0x1b, 0xff, 0xa3, 0x5e, 0x1b, 0xff, 0xa3, 0x5e, 0x1b, 0xff,
    0xa4, 0x60, 0x1d, 0xff, 0xa4, 0x5f, 0x1c, 0xff, 0xa0, 0x59, 0x17, 0xff, 0x9c, 0x55, 0x13, 0xff,
    0xa5, 0x61, 0x1e, 0xff, 0xbf, 0x85, 0x3f, 0xff, 0xe2, 0xb4, 0x69, 0xff, 0xfc, 0xd7, 0x89, 0xff,
    0xff, 0xe2, 0x93, 0xff, 0xff, 0xdd, 0x8f, 0xff, 0xfe, 0xd8, 0x8a, 0xff, 0xfe, 0xd7, 0x89, 0xff,
    0xff, 0xd9, 0x8b, 0xff, 0xfe, 0xd8, 0x8b, 0xff, 0xfc, 0xd9, 0x8b, 0xff, 0xfe, 0xde, 0x8d, 0xff,
    0x59, 0x66, 0x65, 0xff, 0x08, 0x30, 0x52, 0xff, 0x1d, 0x3e, 0x57, 0xff, 0x18, 0x3b, 0x56, 0xff,
    0x18, 0x3b, 0x56, 0xff, 0x18, 0x3b, 0x56, 0xff, 0x18, 0x3b, 0x56, 0xff, 0x18, 0x3a, 0x56, 0xfb,
    0x1a, 0x3f, 0x5c, 0xff, 0x18, 0x3a, 0x56, 0x88, 0x00, 0x00, 0x00, 0x00, 0x00, 0x33, 0x66, 0x05,
    0x00, 0x33, 0x66, 0x05, 0x00, 0x00, 0x00, 0x00, 0x17, 0x3b, 0x55, 0x80, 0x1a, 0x3f, 0x5c, 0xff,
    0x18, 0x3a, 0x56, 0xfb, 0x18, 0x3b, 0x56, 0xff, 0x18, 0x3b, 0x56, 0xff, 0x18, 0x3b, 0x56, 0xff,
    0x1c, 0x3d, 0x56, 0xff, 0x0d, 0x34, 0x55, 0xff, 0x3b, 0x50, 0x58, 0xff, 0xf1, 0xc7, 0x65, 0xff,
    0xfe, 0xcf, 0x66, 0xff, 0xfd, 0xcb, 0x66, 0xff, 0xff, 0xcc, 0x66, 0xff, 0xff, 0xcc, 0x66, 0xff,
    0xff, 0xcc, 0x66, 0xff, 0xff, 0xcc, 0x66, 0xff, 0xfe, 0xcb, 0x65, 0xff, 0xfe, 0xca, 0x65, 0xff,
    0xff, 0xcc, 0x66, 0xff, 0xff, 0xd2, 0x6a, 0xff, 0xff, 0xd3, 0x6a, 0xff, 0xf3, 0xc0, 0x5e, 0xff,
    0xd4, 0x9a, 0x44, 0xff, 0xb3, 0x72, 0x28, 0xff, 0xa0, 0x5a, 0x18, 0xff, 0x9d, 0x57, 0x16, 0xff,
    0xa2, 0x5c, 0x1a, 0xff, 0xa4, 0x60, 0x1c, 0xff, 0xa4, 0x5f, 0x1c, 0xff, 0xa3, 0x5e, 0x1b, 0xff,
    0xa3, 0x5e, 0x1b, 0xff, 0xa4, 0x5f, 0x1c, 0xff, 0xa4, 0x60, 0x1d, 0xff, 0xa2, 0x5c, 0x19, 0xff,
    0x9d, 0x56, 0x14, 0xff, 0x9f, 0x59, 0x16, 0xff, 0xb2, 0x73, 0x2e, 0xff, 0xd3, 0xa0, 0x57, 0xff,
    0xf3, 0xcb, 0x7e, 0xff, 0xff, 0xe0, 0x91, 0xff, 0xff, 0xe0, 0x92, 0xff, 0xff, 0xda, 0x8c, 0xff,
    0xfe, 0xd7, 0x89, 0xff, 0xfe, 0xd8, 0x8a, 0xff, 0xff, 0xd9, 0x8b, 0xff, 0xff, 0xd9, 0x8b, 0xff,
    0xff, 0xd9, 0x8b, 0xff, 0xff, 0xd9, 0x8b, 0xff, 0xfe, 0xd8, 0x8b, 0xff, 0xfe, 0xdc, 0x8c, 0xff,
    0xf4, 0xd6, 0x8a, 0xff, 0x40, 0x56, 0x5f, 0xff, 0x0c, 0x33, 0x53, 0xff, 0x1c, 0x3e, 0x57, 0xff,
    0x18, 0x3b, 0x56, 0xff, 0x18, 0x3b, 0x56, 0xff, 0x18, 0x3b, 0x56, 0xff, 0x18, 0x3a, 0x56, 0xfb,
    0x1a, 0x3f, 0x5c, 0xff, 0x18, 0x3a, 0x56, 0x88, 0x00, 0x00, 0x00, 0x00, 0x00, 0x33, 0x66, 0x05,
    0x00, 0x33, 0x66, 0x05, 0x00, 0x00, 0x00, 0x00, 0x17, 0x3b, 0x55, 0x80, 0x1a, 0x3f, 0x5c, 0xff,
    0x18, 0x3a, 0x56, 0xfb, 0x18, 0x3b, 0x56, 0xff, 0x18, 0x3b, 0x56, 0xff, 0x1a, 0x3c, 0x56, 0xff,
    0x0e, 0x35, 0x55, 0xff, 0x25, 0x43, 0x57, 0xff, 0xe1, 0xbc, 0x64, 0xff, 0xff, 0xd2, 0x67, 0xff,
    0xfd, 0xca, 0x66, 0xff, 0xff, 0xcc, 0x66, 0xff, 0xff, 0xcc, 0x66, 0xff, 0xff, 0xcc, 0x66, 0xff,
    0xff, 0xcc, 0x66, 0xff, 0xff, 0xcc, 0x66, 0xff, 0xff, 0xcc, 0x66, 0xff, 0xff, 0xcc, 0x66, 0xff,
    0xff, 0xcc, 0x66, 0xff, 0xfe, 0xcb, 0x65, 0xff, 0xfe, 0xcb, 0x65, 0xff, 0xff, 0xcf, 0x68, 0xff,
    0xff, 0xd4, 0x6b, 0xff, 0xff, 0xcd, 0x67, 0xff, 0xe7, 0xb1, 0x54, 0xff, 0xc5, 0x87, 0x37, 0xff,
    0xa8, 0x65, 0x1f, 0xff, 0x9d, 0x56, 0x16, 0xff, 0x9f, 0x59, 0x17, 0xff, 0xa3, 0x5e, 0x1b, 0xff,
    0xa3, 0x5e, 0x1b, 0xff, 0x9f, 0x58, 0x16, 0xff, 0x9d, 0x55, 0x13, 0xff, 0xa8, 0x64, 0x21, 0xff,
    0xc4, 0x8b, 0x44, 0xff, 0xe6, 0xba, 0x6f, 0xff, 0xfe, 0xda, 0x8c, 0xff, 0xff, 0xe2, 0x93, 0xff,
    0xff, 0xdc, 0x8e, 0xff, 0xfe, 0xd7, 0x8a, 0xff, 0xfe, 0xd7, 0x8a, 0xff, 0xff, 0xd9, 0x8b, 0xff,
    0xff, 0xd9, 0x8b, 0xff, 0xff, 0xd9, 0x8b, 0xff, 0xff, 0xd9, 0x8b, 0xff, 0xff, 0xd9, 0x8b, 0xff,
    0xff, 0xd9, 0x8b, 0xff, 0xff, 0xd9, 0x8b, 0xff, 0xff, 0xd9, 0x8b, 0xff, 0xfd, 0xd7, 0x8a, 0xff,
    0xff, 0xde, 0x8d, 0xff, 0xe6, 0xcb, 0x86, 0xff, 0x29, 0x46, 0x5a, 0xff, 0x0d, 0x33, 0x53, 0xff,
    0x1b, 0x3d, 0x57, 0xff, 0x18, 0x3b, 0x56, 0xff, 0x18, 0x3b, 0x56, 0xff, 0x18, 0x3a, 0x56, 0xfb,
    0x1a, 0x3f, 0x5c, 0xff, 0x18, 0x3a, 0x56, 0x88, 0x00, 0x00, 0x00, 0x00, 0x00, 0x33, 0x66, 0x05,
    0x00, 0x33, 0x66, 0x05, 0x00, 0x00, 0x00, 0x00, 0x17, 0x3b, 0x55, 0x80, 0x1a, 0x3f, 0x5c, 0xff,
    0x18, 0x3a, 0x56, 0xfb, 0x18, 0x3b, 0x56, 0xff, 0x19, 0x3c, 0x56, 0xff, 0x15, 0x39, 0x56, 0xff,
    0x27, 0x44, 0x57, 0xff, 0xd9, 0xb6, 0x64, 0xff, 0xff, 0xd3, 0x67, 0xff, 0xfa, 0xc8, 0x66, 0xff,
    0xff, 0xcc, 0x66, 0xff, 0xff, 0xcc, 0x66, 0xff, 0xff, 0xcc, 0x66, 0xff, 0xff, 0xcc, 0x66, 0xff,
    0xff, 0xcc, 0x66, 0xff, 0xff, 0xcc, 0x66, 0xff, 0xff, 0xcc, 0x66, 0xff, 0xff, 0xcc, 0x66, 0xff,
    0xff, 0xcc, 0x66, 0xff, 0xff, 0xcc, 0x66, 0xff, 0xff, 0xcc, 0x66, 0xff, 0xfe, 0xcb, 0x66, 0xff,
    0xfe, 0xca, 0x65, 0xff, 0xff, 0xcc, 0x66, 0xff, 0xff, 0xd2, 0x6a, 0xff, 0xff, 0xd3, 0x6b, 0xff,
    0xf7, 0xc4, 0x60, 0xff, 0xd9, 0xa0, 0x48, 0xff, 0xb6, 0x76, 0x2b, 0xff, 0xa2, 0x5d, 0x1c, 0xff,
    0xa2, 0x5e, 0x1d, 0xff, 0xb5, 0x77, 0x31, 0xff, 0xd7, 0xa6, 0x5c, 0xff, 0xf6, 0xcf, 0x82, 0xff,
    0xff, 0xe1, 0x92, 0xff, 0xff, 0xdf, 0x91, 0xff, 0xff, 0xd9, 0x8b, 0xff, 0xfe, 0xd7, 0x89, 0xff,
    0xfe, 0xd8, 0x8a, 0xff, 0xff, 0xd9, 0x8b, 0xff, 0xff, 0xd9, 0x8b, 0xff, 0xff, 0xd9, 0x8b, 0xff,
    0xff, 0xd9, 0x8b, 0xff, 0xff, 0xd9, 0x8b, 0xff, 0xff, 0xd9, 0x8b, 0xff, 0xff, 0xd9, 0x8b, 0xff,
    0xff, 0xd9, 0x8b, 0xff, 0xff, 0xd9, 0x8b, 0xff, 0xff, 0xd9, 0x8b, 0xff, 0xff, 0xd9, 0x8b, 0xff,
    0xfa, 0xd5, 0x89, 0xff, 0xff, 0xe0, 0x8d, 0xff, 0xdd, 0xc4, 0x84, 0xff, 0x2a, 0x48, 0x5a, 0xff,
    0x15, 0x39, 0x55, 0xff, 0x19, 0x3c, 0x56, 0xff, 0x18, 0x3b, 0x56, 0xff, 0x18, 0x3a, 0x56, 0xfb,
    0x1a, 0x3f, 0x5c, 0xff, 0x18, 0x3a, 0x56, 0x88, 0x00, 0x00, 0x00, 0x00, 0x00, 0x33, 0x66, 0x05,
    0x00, 0x33, 0x66, 0x05, 0x00, 0x00, 0x00, 0x00, 0x17, 0x3b, 0x55, 0x80, 0x1a, 0x3f, 0x5c, 0xff,
    0x18, 0x3a, 0x56, 0xfb, 0x18, 0x3b, 0x56, 0xff, 0x1a, 0x3c, 0x56, 0xff, 0x11, 0x37, 0x56, 0xff,
    0x3d, 0x52, 0x59, 0xff, 0xcd, 0xb0, 0x63, 0xff, 0xff, 0xd2, 0x67, 0xff, 0xff, 0xd3, 0x67, 0xff,
    0xfc, 0xca, 0x66, 0xff, 0xfd, 0xcb, 0x66, 0xff, 0xff, 0xcc, 0x66, 0xff, 0xff, 0xcc, 0x66, 0xff,
    0xff, 0xcc, 0x66, 0xff, 0xff, 0xcc, 0x66, 0xff, 0xff, 0xcc, 0x66, 0xff, 0xff, 0xcc, 0x66, 0xff,
    0xff, 0xcc, 0x66, 0xff, 0xff, 0xcc, 0x66, 0xff, 0xff, 0xcc, 0x66, 0xff, 0xff, 0xcc, 0x66, 0xff,
    0xff, 0xcc, 0x66, 0xff, 0xff, 0xcc, 0x66, 0xff, 0xfe, 0xcb, 0x65, 0xff, 0xfe, 0xca, 0x65, 0xff,
    0xff, 0xce, 0x67, 0xff, 0xff, 0xd3, 0x6b, 0xff, 0xff, 0xd3, 0x6d, 0xff, 0xe4, 0xa8, 0x46, 0xff,
    0xdd, 0xa6, 0x55, 0xff, 0xff, 0xe4, 0x97, 0xff, 0xff, 0xe2, 0x93, 0xff, 0xff, 0xdb, 0x8c, 0xff,
    0xfe, 0xd7, 0x89, 0xff, 0xfe, 0xd8, 0x8a, 0xff, 0xff, 0xd9, 0x8b, 0xff, 0xff, 0xd9, 0x8b, 0xff,
    0xff, 0xd9, 0x8b, 0xff, 0xff, 0xd9, 0x8b, 0xff, 0xff, 0xd9, 0x8b, 0xff, 0xff, 0xd9, 0x8b, 0xff,
    0xff, 0xd9, 0x8b, 0xff, 0xff, 0xd9, 0x8b, 0xff, 0xff, 0xd9, 0x8b, 0xff, 0xff, 0xd9, 0x8b, 0xff,
    0xff, 0xd9, 0x8b, 0xff, 0xff, 0xd9, 0x8b, 0xff, 0xfd, 0xd8, 0x8b, 0xff, 0xfc, 0xd7, 0x8a, 0xff,
    0xff, 0xe0, 0x8d, 0xff, 0xff, 0xe0, 0x8d, 0xff, 0xcf, 0xbd, 0x82, 0xff, 0x41, 0x57, 0x5f, 0xff,
    0x11, 0x36, 0x54, 0xff, 0x1a, 0x3c, 0x56, 0xff, 0x18, 0x3b, 0x56, 0xff, 0x18, 0x3a, 0x56, 0xfb,
    0x1a, 0x3f, 0x5c, 0xff, 0x18, 0x3a, 0x56, 0x88, 0x00, 0x00, 0x00, 0x00, 0x00, 0x33, 0x66, 0x05,
    0x00, 0x33, 0x66, 0x05, 0x00, 0x00, 0x00, 0x00, 0x17, 0x3b, 0x55, 0x80, 0x1a, 0x3f, 0x5c, 0xff,
    0x18, 0x3a, 0x56, 0xfb, 0x18, 0x3b, 0x56, 0xff, 0x18, 0x3b, 0x56, 0xff, 0x1a, 0x3c, 0x56, 0xff,
    0x11, 0x37, 0x55, 0xff, 0x0f, 0x35, 0x55, 0xff, 0x5d, 0x67, 0x5b, 0xff, 0xcd, 0xaf, 0x63, 0xff,
    0xff, 0xd5, 0x67, 0xff, 0xff, 0xd2, 0x67, 0xff, 0xfe, 0xcb, 0x65, 0xff, 0xff, 0xcc, 0x66, 0xff,
    0xff, 0xcc, 0x66, 0xff, 0xff, 0xcc, 0x66, 0xff, 0xff, 0xcc, 0x66, 0xff, 0xff, 0xcc, 0x66, 0xff,
    0xff, 0xcc, 0x66, 0xff, 0xff, 0xcc, 0x66, 0xff, 0xff, 0xcc, 0x66, 0xff, 0xff, 0xcc, 0x66, 0xff,
    0xff, 0xcc, 0x66, 0xff, 0xff, 0xcc, 0x66, 0xff, 0xff, 0xcc, 0x66, 0xff, 0xff, 0xcc, 0x65, 0xff,
    0xff, 0xcc, 0x67, 0xff, 0xfe, 0xcb, 0x66, 0xff, 0xf7, 0xbe, 0x50, 0xff, 0xf0, 0xb0, 0x38, 0xff,
    0xd3, 0x88, 0x28, 0xff, 0xe5, 0xab, 0x56, 0xff, 0xfe, 0xda, 0x8d, 0xff, 0xff, 0xdb, 0x8d, 0xff,
    0xfe, 0xd7, 0x89, 0xff, 0xff, 0xd9, 0x8b, 0xff, 0xff, 0xd9, 0x8b, 0xff, 0xff, 0xd9, 0x8b, 0xff,
    0xff, 0xd9, 0x8b, 0xff, 0xff, 0xd9, 0x8b, 0xff, 0xff, 0xd9, 0x8b, 0xff, 0xff, 0xd9, 0x8b, 0xff,
    0xff, 0xd9, 0x8b, 0xff, 0xff, 0xd9, 0x8b, 0xff, 0xff, 0xd9, 0x8b, 0xff, 0xff, 0xd9, 0x8b, 0xff,
    0xff, 0xd8, 0x8a, 0xff, 0xfe, 0xd7, 0x8a, 0xff, 0xff, 0xdf, 0x8d, 0xff, 0xff, 0xe3, 0x8e, 0xff,
    0xcf, 0xbc, 0x81, 0xff, 0x61, 0x6e, 0x67, 0xff, 0x10, 0x35, 0x54, 0xff, 0x10, 0x36, 0x54, 0xff,
    0x1a, 0x3c, 0x56, 0xff, 0x18, 0x3b, 0x56, 0xff, 0x18, 0x3b, 0x56, 0xff, 0x18, 0x3a, 0x56, 0xfb,
    0x1a, 0x3f, 0x5c, 0xff, 0x18, 0x3a, 0x56, 0x88, 0x00, 0x00, 0x00, 0x00, 0x00, 0x33, 0x66, 0x05,
    0x00, 0x33, 0x66, 0x05, 0x00, 0x00, 0x00, 0x00, 0x17, 0x3b, 0x55, 0x80, 0x1a, 0x3f, 0x5c, 0xff,
    0x18, 0x3a, 0x56, 0xfb, 0x18, 0x3b, 0x56, 0xff, 0x18, 0x3b, 0x56, 0xff, 0x18, 0x3b, 0x56, 0xff,
    0x1a, 0x3c, 0x56, 0xff, 0x19, 0x3c, 0x56, 0xff, 0x0a, 0x32, 0x55, 0xff, 0x14, 0x38, 0x56, 0xff,
    0x64, 0x6c, 0x5b, 0xff, 0xd4, 0xb4, 0x63, 0xff, 0xff, 0xd1, 0x68, 0xff, 0xfe, 0xcc, 0x68, 0xff,
    0xff, 0xcc, 0x65, 0xff, 0xff, 0xcc, 0x66, 0xff, 0xff, 0xcc, 0x66, 0xff, 0xff, 0xcc, 0x66, 0xff,
    0xff, 0xcc, 0x66, 0xff, 0xff, 0xcc, 0x66, 0xff, 0xff, 0xcc, 0x66, 0xff, 0xff, 0xcc, 0x66, 0xff,
    0xff, 0xcc, 0x66, 0xff, 0xff, 0xcc, 0x66, 0xff, 0xff, 0xcc, 0x65, 0xff, 0xff, 0xce, 0x69, 0xff,
    0xfd, 0xca, 0x62, 0xff, 0xf3, 0xb6, 0x44, 0xff, 0xee, 0xad, 0x35, 0xff, 0xec, 0xab, 0x36, 0xff,
    0xcf, 0x84, 0x26, 0xff, 0xca, 0x7a, 0x1d, 0xff, 0xda, 0x97, 0x3e, 0xff, 0xf9, 0xd0, 0x81, 0xff,
    0xff, 0xdf, 0x92, 0xff, 0xfe, 0xd8, 0x89, 0xff, 0xff, 0xd9, 0x8b, 0xff, 0xff, 0xd9, 0x8b, 0xff,
    0xff, 0xd9, 0x8b, 0xff, 0xff, 0xd9, 0x8b, 0xff, 0xff, 0xd9, 0x8b, 0xff, 0xff, 0xd9, 0x8b, 0xff,
    0xff, 0xd9, 0x8b, 0xff, 0xff, 0xd9, 0x8b, 0xff, 0xff, 0xd8, 0x8a, 0xff, 0xfe, 0xd8, 0x89, 0xff,
    0xff, 0xdb, 0x8e, 0xff, 0xff, 0xe1, 0x91, 0xff, 0xd7, 0xc1, 0x82, 0xff, 0x68, 0x73, 0x69, 0xff,
    0x15, 0x39, 0x55, 0xff, 0x0a, 0x31, 0x53, 0xff, 0x19, 0x3c, 0x56, 0xff, 0x1a, 0x3c, 0x56, 0xff,
    0x18, 0x3b, 0x56, 0xff, 0x18, 0x3b, 0x56, 0xff, 0x18, 0x3b, 0x56, 0xff, 0x18, 0x3a, 0x56, 0xfb,
    0x1a, 0x3f, 0x5c, 0xff, 0x18, 0x3a, 0x56, 0x88, 0x00, 0x00, 0x00, 0x00, 0x00, 0x33, 0x66, 0x05,
    0x00, 0x33, 0x66, 0x05, 0x00, 0x00, 0x00, 0x00, 0x17, 0x3b, 0x55, 0x80, 0x1a, 0x3f, 0x5c, 0xff,
    0x18, 0x3a, 0x56, 0xfb, 0x18, 0x3b, 0x56, 0xff, 0x18, 0x3b, 0x56, 0xff, 0x18, 0x3b, 0x56, 0xff,
    0x18, 0x3b, 0x56, 0xff, 0x18, 0x3b, 0x56, 0xff, 0x1b, 0x3d, 0x56, 0xff, 0x19, 0x3c, 0x56, 0xff,
    0x0a, 0x32, 0x55, 0xff, 0x10, 0x36, 0x57, 0xff, 0xb6, 0x99, 0x52, 0xff, 0xff, 0xce, 0x5e, 0xff,
    0xfe, 0xcd, 0x6a, 0xff, 0xff, 0xcd, 0x67, 0xff, 0xff, 0xcc, 0x65, 0xff, 0xff, 0xcc, 0x66, 0xff,
    0xff, 0xcc, 0x66, 0xff, 0xff, 0xcc, 0x66, 0xff, 0xff, 0xcc, 0x66, 0xff, 0xff, 0xcc, 0x66, 0xff,
    0xff, 0xcc, 0x65, 0xff, 0xff, 0xcc, 0x66, 0xff, 0xff, 0xce, 0x69, 0xff, 0xfa, 0xc3, 0x58, 0xff,
    0xf0, 0xb1, 0x3b, 0xff, 0xee, 0xad, 0x35, 0xff, 0xf0, 0xb0, 0x39, 0xff, 0xed, 0xac, 0x37, 0xff,
    0xd0, 0x85, 0x26, 0xff, 0xce, 0x83, 0x27, 0xff, 0xcb, 0x7d, 0x1f, 0xff, 0xd1, 0x86, 0x2a, 0xff,
    0xef, 0xbe, 0x6b, 0xff, 0xff, 0xdf, 0x92, 0xff, 0xff, 0xd9, 0x8b, 0xff, 0xff, 0xd8, 0x8a, 0xff,
    0xff, 0xd9, 0x8b, 0xff, 0xff, 0xd9, 0x8b, 0xff, 0xff, 0xd9, 0x8b, 0xff, 0xff, 0xd9, 0x8b, 0xff,
    0xff, 0xd9, 0x8a, 0xff, 0xfe, 0xd7, 0x89, 0xff, 0xff, 0xdb, 0x8e, 0xff, 0xff, 0xdf, 0x93, 0xff,
    0xfb, 0xd1, 0x7c, 0xff, 0xb0, 0x91, 0x5a, 0xff, 0x13, 0x39, 0x57, 0xff, 0x0a, 0x31, 0x52, 0xff,
    0x18, 0x3b, 0x56, 0xff, 0x1b, 0x3d, 0x57, 0xff, 0x18, 0x3b, 0x56, 0xff, 0x18, 0x3b, 0x56, 0xff,
    0x18, 0x3b, 0x56, 0xff, 0x18, 0x3b, 0x56, 0xff, 0x18, 0x3b, 0x56, 0xff, 0x18, 0x3a, 0x56, 0xfb,
    0x1a, 0x3f, 0x5c, 0xff, 0x18, 0x3a, 0x56, 0x88, 0x00, 0x00, 0x00, 0x00, 0x00, 0x33, 0x66, 0x05,
    0x00, 0x33, 0x66, 0x05, 0x00, 0x00, 0x00, 0x00, 0x17, 0x3b, 0x55, 0x80, 0x1a, 0x3f, 0x5c, 0xff,
    0x18, 0x3a, 0x56, 0xfb, 0x18, 0x3b, 0x56, 0xff, 0x18, 0x3b, 0x56, 0xff, 0x18, 0x3b, 0x56, 0xff,
    0x18, 0x3b, 0x56, 0xff, 0x18, 0x3b, 0x56, 0xff, 0x18, 0x3b, 0x56, 0xff, 0x18, 0x3b, 0x56, 0xff,
    0x1f, 0x3f, 0x56, 0xff, 0x08, 0x32, 0x58, 0xff, 0x99, 0x7f, 0x41, 0xff, 0xfe, 0xb7, 0x36, 0xff,
    0xf2, 0xb9, 0x4b, 0xff, 0xfd, 0xc9, 0x61, 0xff, 0xff, 0xce, 0x69, 0xff, 0xff, 0xcd, 0x67, 0xff,
    0xff, 0xcb, 0x65, 0xff, 0xff, 0xcc, 0x66, 0xff, 0xff, 0xcc, 0x66, 0xff, 0xff, 0xcc, 0x65, 0xff,
    0xff, 0xcd, 0x68, 0xff, 0xff, 0xcd, 0x67, 0xff, 0xf6, 0xbc, 0x4d, 0xff, 0xee, 0xad, 0x36, 0xff,
    0xef, 0xae, 0x37, 0xff, 0xef, 0xaf, 0x39, 0xff, 0xf0, 0xb0, 0x38, 0xff, 0xed, 0xac, 0x37, 0xff,
    0xd0, 0x85, 0x26, 0xff, 0xcd, 0x81, 0x25, 0xff, 0xcf, 0x83, 0x27, 0xff, 0xcd, 0x80, 0x23, 0xff,
    0xcb, 0x7d, 0x1f, 0xff, 0xe3, 0xa7, 0x51, 0xff, 0xfe, 0xda, 0x8c, 0xff, 0xff, 0xdd, 0x8f, 0xff,
    0xfe, 0xd7, 0x89, 0xff, 0xff, 0xd9, 0x8b, 0xff, 0xff, 0xd9, 0x8b, 0xff, 0xfe, 0xd7, 0x89, 0xff,
    0xff, 0xdb, 0x8d, 0xff, 0xff, 0xdf, 0x93, 0xff, 0xf9, 0xd0, 0x81, 0xff, 0xe0, 0xa6, 0x51, 0xff,
    0xdb, 0x88, 0x23, 0xff, 0x89, 0x62, 0x30, 0xff, 0x0b, 0x36, 0x59, 0xff, 0x1e, 0x3f, 0x56, 0xff,
    0x18, 0x3b, 0x56, 0xff, 0x18, 0x3b, 0x56, 0xff, 0x18, 0x3b, 0x56, 0xff, 0x18, 0x3b, 0x56, 0xff,
    0x18, 0x3b, 0x56, 0xff, 0x18, 0x3b, 0x56, 0xff, 0x18, 0x3b, 0x56, 0xff, 0x18, 0x3a, 0x56, 0xfb,
    0x1a, 0x3f, 0x5c, 0xff, 0x18, 0x3a, 0x56, 0x88, 0x00, 0x00, 0x00, 0x00, 0x00, 0x33, 0x66, 0x05,
    0x00, 0x33, 0x66, 0x05, 0x00, 0x00, 0x00, 0x00, 0x17, 0x3b, 0x55, 0x80, 0x1a, 0x3f, 0x5c, 0xff,
    0x18, 0x3a, 0x56, 0xfb, 0x18, 0x3b, 0x56, 0xff, 0x18, 0x3b, 0x56, 0xff, 0x18, 0x3b, 0x56, 0xff,
    0x18, 0x3b, 0x56, 0xff, 0x18, 0x3b, 0x56, 0xff, 0x18, 0x3b, 0x56, 0xff, 0x18, 0x3b, 0x56, 0xff,
    0x1b, 0x3d, 0x56, 0xff, 0x0b, 0x33, 0x58, 0xff, 0x9f, 0x84, 0x44, 0xff, 0xfd, 0xb7, 0x36, 0xff,
    0xeb, 0xab, 0x35, 0xff, 0xef, 0xb0, 0x39, 0xff, 0xf6, 0xbc, 0x4c, 0xff, 0xfd, 0xca, 0x62, 0xff,
    0xff, 0xce, 0x69, 0xff, 0xff, 0xcd, 0x67, 0xff, 0xff, 0xcc, 0x65, 0xff, 0xff, 0xce, 0x69, 0xff,
    0xfd, 0xc8, 0x60, 0xff, 0xf2, 0xb5, 0x41, 0xff, 0xee, 0xad, 0x35, 0xff, 0xef, 0xaf, 0x38, 0xff,
    0xef, 0xaf, 0x38, 0xff, 0xef, 0xaf, 0x38, 0xff, 0xf0, 0xb0, 0x38, 0xff, 0xed, 0xac, 0x37, 0xff,
    0xd0, 0x85, 0x26, 0xff, 0xcd, 0x81, 0x25, 0xff, 0xce, 0x82, 0x25, 0xff, 0xce, 0x83, 0x26, 0xff,
    0xcf, 0x83, 0x26, 0xff, 0xca, 0x7b, 0x1d, 0xff, 0xd7, 0x92, 0x38, 0xff, 0xf7, 0xcc, 0x7c, 0xff,
    0xff, 0xdf, 0x93, 0xff, 0xfe, 0xd8, 0x89, 0xff, 0xff, 0xda, 0x8c, 0xff, 0xff, 0xe0, 0x93, 0xff,
    0xfa, 0xd2, 0x83, 0xff, 0xe4, 0xaa, 0x54, 0xff, 0xd0, 0x85, 0x29, 0xff, 0xc8, 0x7b, 0x1e, 0xff,
    0xd9, 0x86, 0x21, 0xff, 0x90, 0x6b, 0x37, 0xff, 0x0e, 0x37, 0x59, 0xff, 0x1a, 0x3c, 0x55, 0xff,
    0x18, 0x3b, 0x56, 0xff, 0x18, 0x3b, 0x56, 0xff, 0x18, 0x3b, 0x56, 0xff, 0x18, 0x3b, 0x56, 0xff,
    0x18, 0x3b, 0x56, 0xff, 0x18, 0x3b, 0x56, 0xff, 0x18, 0x3b, 0x56, 0xff, 0x18, 0x3a, 0x56, 0xfb,
    0x1a, 0x3f, 0x5c, 0xff, 0x18, 0x3a, 0x56, 0x88, 0x00, 0x00, 0x00, 0x00, 0x00, 0x33, 0x66, 0x05,
    0x00, 0x33, 0x66, 0x05, 0x00, 0x00, 0x00, 0x00, 0x17, 0x3b, 0x55, 0x80, 0x1a, 0x3f, 0x5c, 0xff,
    0x18, 0x3a, 0x56, 0xfb, 0x18, 0x3b, 0x56, 0xff, 0x18, 0x3b, 0x56, 0xff, 0x18, 0x3b, 0x56, 0xff,
    0x18, 0x3b, 0x56, 0xff, 0x18, 0x3b, 0x56, 0xff, 0x18, 0x3b, 0x56, 0xff, 0x18, 0x3b, 0x56, 0xff,
    0x1b, 0x3d, 0x56, 0xff, 0x0a, 0x33, 0x58, 0xff, 0x9e, 0x83, 0x43, 0xff, 0xfd, 0xb7, 0x36, 0xff,
    0xec, 0xad, 0x39, 0xff, 0xef, 0xaf, 0x38, 0xff, 0xee, 0xad, 0x35, 0xff, 0xf0, 0xb0, 0x3a, 0xff,
    0xf6, 0xbd, 0x4e, 0xff, 0xfe, 0xca, 0x63, 0xff, 0xff, 0xce, 0x69, 0xff, 0xf9, 0xc2, 0x56, 0xff,
    0xf0, 0xb0, 0x39, 0xff, 0xee, 0xad, 0x36, 0xff, 0xef, 0xaf, 0x39, 0xff, 0xef, 0xaf, 0x38, 0xff,
    0xef, 0xaf, 0x38, 0xff, 0xef, 0xaf, 0x38, 0xff, 0xf0, 0xb0, 0x38, 0xff, 0xed, 0xac, 0x37, 0xff,
    0xd0, 0x85, 0x26, 0xff, 0xcd, 0x81, 0x25, 0xff, 0xce, 0x82, 0x25, 0xff, 0xce, 0x82, 0x25, 0xff,
    0xce, 0x82, 0x25, 0xff, 0xcf, 0x84, 0x27, 0xff, 0xcc, 0x7e, 0x20, 0xff, 0xcf, 0x83, 0x27, 0xff,
    0xec, 0xb8, 0x65, 0xff, 0xff, 0xdf, 0x92, 0xff, 0xfb, 0xd4, 0x85, 0xff, 0xe6, 0xad, 0x58, 0xff,
    0xd1, 0x87, 0x2b, 0xff, 0xcb, 0x7b, 0x1d, 0xff, 0xcd, 0x81, 0x24, 0xff, 0xcc, 0x82, 0x28, 0xff,
    0xda, 0x87, 0x22, 0xff, 0x8f, 0x69, 0x36, 0xff, 0x0d, 0x37, 0x59, 0xff, 0x1a, 0x3c, 0x55, 0xff,
    0x18, 0x3b, 0x56, 0xff, 0x18, 0x3b, 0x56, 0xff, 0x18, 0x3b, 0x56, 0xff, 0x18, 0x3b, 0x56, 0xff,
    0x18, 0x3b, 0x56, 0xff, 0x18, 0x3b, 0x56, 0xff, 0x18, 0x3b, 0x56, 0xff, 0x18, 0x3a, 0x56, 0xfb,
    0x1a, 0x3f, 0x5c, 0xff, 0x18, 0x3a, 0x56, 0x88, 0x00, 0x00, 0x00, 0x00, 0x00, 0x33, 0x66, 0x05,
    0x00, 0x33, 0x66, 0x05, 0x00, 0x00, 0x00, 0x00, 0x17, 0x3b, 0x55, 0x80, 0x1a, 0x3f, 0x5c, 0xff,
    0x18, 0x3a, 0x56, 0xfb, 0x18, 0x3b, 0x56, 0xff, 0x18, 0x3b, 0x56, 0xff, 0x18, 0x3b, 0x56, 0xff,
    0x18, 0x3b, 0x56, 0xff, 0x18, 0x3b, 0x56, 0xff, 0x18, 0x3b, 0x56, 0xff, 0x18, 0x3b, 0x56, 0xff,
    0x1b, 0x3d, 0x56, 0xff, 0x0a, 0x33, 0x58, 0xff, 0x9e, 0x83, 0x43, 0xff, 0xfd, 0xb7, 0x36, 0xff,
    0xec, 0xad, 0x38, 0xff, 0xef, 0xaf, 0x38, 0xff, 0xef, 0xb0, 0x39, 0xff, 0xef, 0xaf, 0x37, 0xff,
    0xee, 0xad, 0x34, 0xff, 0xf1, 0xb2, 0x3d, 0xff, 0xf4, 0xb8, 0x46, 0xff, 0xee, 0xae, 0x36, 0xff,
    0xef, 0xae, 0x37, 0xff, 0xef, 0xaf, 0x39, 0xff, 0xef, 0xaf, 0x38, 0xff, 0xef, 0xaf, 0x38, 0xff,
    0xef, 0xaf, 0x38, 0xff, 0xef, 0xaf, 0x38, 0xff, 0xf0, 0xb0, 0x38, 0xff, 0xed, 0xac, 0x37, 0xff,
    0xd0, 0x85, 0x26, 0xff, 0xcd, 0x81, 0x25, 0xff, 0xce, 0x82, 0x25, 0xff, 0xce, 0x82, 0x25, 0xff,
    0xce, 0x82, 0x25, 0xff, 0xce, 0x82, 0x25, 0xff, 0xcf, 0x83, 0x26, 0xff, 0xcd, 0x81, 0x24, 0xff,
    0xcc, 0x7d, 0x20, 0xff, 0xdc, 0x9c, 0x43, 0xff, 0xd4, 0x8c, 0x31, 0xff, 0xca, 0x7b, 0x1c, 0xff,
    0xcd, 0x81, 0x24, 0xff, 0xcf, 0x84, 0x27, 0xff, 0xce, 0x82, 0x25, 0xff, 0xcb, 0x81, 0x26, 0xff,
    0xda, 0x87, 0x22, 0xff, 0x8f, 0x69, 0x36, 0xff, 0x0d, 0x37, 0x59, 0xff, 0x1a, 0x3c, 0x55, 0xff,
    0x18, 0x3b, 0x56, 0xff, 0x18, 0x3b, 0x56, 0xff, 0x18, 0x3b, 0x56, 0xff, 0x18, 0x3b, 0x56, 0xff,
    0x18, 0x3b, 0x56, 0xff, 0x18, 0x3b, 0x56, 0xff, 0x18, 0x3b, 0x56, 0xff, 0x18, 0x3a, 0x56, 0xfb,
    0x1a, 0x3f, 0x5c, 0xff, 0x18, 0x3a, 0x56, 0x88, 0x00, 0x00, 0x00, 0x00, 0x00, 0x33, 0x66, 0x05,
    0x00, 0x33, 0x66, 0x05, 0x00, 0x00, 0x00, 0x00, 0x17, 0x3b, 0x55, 0x80, 0x1a, 0x3f, 0x5c, 0xff,
    0x18, 0x3a, 0x56, 0xfb, 0x18, 0x3b, 0x56, 0xff, 0x18, 0x3b, 0x56, 0xff, 0x18, 0x3b, 0x56, 0xff,
    0x18, 0x3b, 0x56, 0xff, 0x18, 0x3b, 0x56, 0xff, 0x18, 0x3b, 0x56, 0xff, 0x18, 0x3b, 0x56, 0xff,
    0x1b, 0x3d, 0x56, 0xff, 0x0a, 0x33, 0x58, 0xff, 0x9e, 0x83, 0x43, 0xff, 0xfd, 0xb7, 0x36, 0xff,
    0xec, 0xad, 0x38, 0xff, 0xef, 0xaf, 0x38, 0xff, 0xef, 0xaf, 0x38, 0xff, 0xef, 0xaf, 0x38, 0xff,
    0xef, 0xb0, 0x39, 0xff, 0xef, 0xae, 0x37, 0xff, 0xee, 0xad, 0x35, 0xff, 0xef, 0xaf, 0x38, 0xff,
    0xef, 0xaf, 0x38, 0xff, 0xef, 0xaf, 0x38, 0xff, 0xef, 0xaf, 0x38, 0xff, 0xef, 0xaf, 0x38, 0xff,
    0xef, 0xaf, 0x38, 0xff, 0xef, 0xaf, 0x38, 0xff, 0xf0, 0xb0, 0x38, 0xff, 0xed, 0xac, 0x37, 0xff,
    0xd0, 0x85, 0x26, 0xff, 0xcd, 0x81, 0x25, 0xff, 0xce, 0x82, 0x25, 0xff, 0xce, 0x82, 0x25, 0xff,
    0xce, 0x82, 0x25, 0xff, 0xce, 0x82, 0x25, 0xff, 0xce, 0x82, 0x25, 0xff, 0xce, 0x82, 0x26, 0xff,
    0xce, 0x83, 0x26, 0xff, 0xcb, 0x7d, 0x1f, 0xff, 0xcd, 0x80, 0x23, 0xff, 0xcf, 0x84, 0x27, 0xff,
    0xce, 0x82, 0x25, 0xff, 0xce, 0x82, 0x25, 0xff, 0xce, 0x82, 0x25, 0xff, 0xcb, 0x81, 0x26, 0xff,
    0xda, 0x87, 0x22, 0xff, 0x8f, 0x69, 0x36, 0xff, 0x0d, 0x37, 0x59, 0xff, 0x1a, 0x3c, 0x55, 0xff,
    0x18, 0x3b, 0x56, 0xff, 0x18, 0x3b, 0x56, 0xff, 0x18, 0x3b, 0x56, 0xff, 0x18, 0x3b, 0x56, 0xff,
    0x18, 0x3b, 0x56, 0xff, 0x18, 0x3b, 0x56, 0xff, 0x18, 0x3b, 0x56, 0xff, 0x18, 0x3a, 0x56, 0xfb,
    0x1a, 0x3f, 0x5c, 0xff, 0x18, 0x3a, 0x56, 0x88, 0x00, 0x00, 0x00, 0x00, 0x00, 0x33, 0x66, 0x05,
    0x00, 0x33, 0x66, 0x05, 0x00, 0x00, 0x00, 0x00, 0x17, 0x3b, 0x55, 0x80, 0x1a, 0x3f, 0x5c, 0xff,
    0x18, 0x3a, 0x56, 0xfb, 0x18, 0x3b, 0x56, 0xff, 0x18, 0x3b, 0x56, 0xff, 0x18, 0x3b, 0x56, 0xff,
    0x18, 0x3b, 0x56, 0xff, 0x18, 0x3b, 0x56, 0xff, 0x18, 0x3b, 0x56, 0xff, 0x18, 0x3b, 0x56, 0xff,
    0x1b, 0x3d, 0x56, 0xff, 0x0a, 0x33, 0x58, 0xff, 0x9e, 0x83, 0x43, 0xff, 0xfd, 0xb7, 0x36, 0xff,
    0xec, 0xad, 0x38, 0xff, 0xef, 0xaf, 0x38, 0xff, 0xef, 0xaf, 0x38, 0xff, 0xef, 0xaf, 0x38, 0xff,
    0xef, 0xaf, 0x38, 0xff, 0xef, 0xaf, 0x38, 0xff, 0xef, 0xaf, 0x39, 0xff, 0xef, 0xaf, 0x38, 0xff,
    0xef, 0xaf, 0x38, 0xff, 0xef, 0xaf, 0x38, 0xff, 0xef, 0xaf, 0x38, 0xff, 0xef, 0xaf, 0x38, 0xff,
    0xef, 0xaf, 0x38, 0xff, 0xef, 0xaf, 0x38, 0xff, 0xf0, 0xb0, 0x38, 0xff, 0xed, 0xac, 0x37, 0xff,
    0xd0, 0x85, 0x26, 0xff, 0xcd, 0x81, 0x25, 0xff, 0xce, 0x82, 0x25, 0xff, 0xce, 0x82, 0x25, 0xff,
    0xce, 0x82, 0x25, 0xff, 0xce, 0x82, 0x25, 0xff, 0xce, 0x82, 0x25, 0xff, 0xce, 0x82, 0x25, 0xff,
    0xce, 0x82, 0x25, 0xff, 0xcf, 0x83, 0x26, 0xff, 0xce, 0x83, 0x26, 0xff, 0xce, 0x82, 0x25, 0xff,
    0xce, 0x82, 0x25, 0xff, 0xce, 0x82, 0x25, 0xff, 0xce, 0x82, 0x25, 0xff, 0xcb, 0x81, 0x26, 0xff,
    0xda, 0x87, 0x22, 0xff, 0x8f, 0x69, 0x36, 0xff, 0x0d, 0x37, 0x59, 0xff, 0x1a, 0x3c, 0x55, 0xff,
    0x18, 0x3b, 0x56, 0xff, 0x18, 0x3b, 0x56, 0xff, 0x18, 0x3b, 0x56, 0xff, 0x18, 0x3b, 0x56, 0xff,
    0x18, 0x3b, 0x56, 0xff, 0x18, 0x3b, 0x56, 0xff, 0x18, 0x3b, 0x56, 0xff, 0x18, 0x3a, 0x56, 0xfb,
    0x1a, 0x3f, 0x5c, 0xff, 0x18, 0x3a, 0x56, 0x88, 0x00, 0x00, 0x00, 0x00, 0x00, 0x33, 0x66, 0x05,
    0x00, 0x33, 0x66, 0x05, 0x00, 0x00, 0x00, 0x00, 0x17, 0x3b, 0x55, 0x80, 0x1a, 0x3f, 0x5c, 0xff,
    0x18, 0x3a, 0x56, 0xfb, 0x18, 0x3b, 0x56, 0xff, 0x18, 0x3b, 0x56, 0xff, 0x18, 0x3b, 0x56, 0xff,
    0x18, 0x3b, 0x56, 0xff, 0x18, 0x3b, 0x56, 0xff, 0x18, 0x3b, 0x56, 0xff, 0x18, 0x3b, 0x56, 0xff,
    0x1b, 0x3d, 0x56, 0xff, 0x0a, 0x33, 0x58, 0xff, 0x9e, 0x83, 0x43, 0xff, 0xfd, 0xb7, 0x36, 0xff,
    0xec, 0xad, 0x38, 0xff, 0xef, 0xaf, 0x38, 0xff, 0xef, 0xaf, 0x38, 0xff, 0xef, 0xaf, 0x38, 0xff,
    0xef, 0xaf, 0x39, 0xff, 0xef, 0xaf, 0x38, 0xff, 0xef, 0xaf, 0x38, 0xff, 0xef, 0xaf, 0x38, 0xff,
    0xef, 0xaf, 0x38, 0xff, 0xef, 0xaf, 0x38, 0xff, 0xef, 0xaf, 0x38, 0xff, 0xef, 0xaf, 0x38, 0xff,
    0xef, 0xaf, 0x38, 0xff, 0xef, 0xaf, 0x38, 0xff, 0xf0, 0xb0, 0x38, 0xff, 0xed, 0xac, 0x37, 0xff,
    0xd0, 0x85, 0x26, 0xff, 0xcd, 0x81, 0x25, 0xff, 0xce, 0x82, 0x25, 0xff, 0xce, 0x82, 0x25, 0xff,
    0xce, 0x82, 0x25, 0xff, 0xce, 0x82, 0x25, 0xff, 0xce, 0x82, 0x25, 0xff, 0xce, 0x82, 0x25, 0xff,
    0xce, 0x82, 0x25, 0xff, 0xce, 0x82, 0x25, 0xff, 0xce, 0x82, 0x25, 0xff, 0xce, 0x82, 0x25, 0xff,
    0xce, 0x82, 0x25, 0xff, 0xce, 0x82, 0x25, 0xff, 0xce, 0x82, 0x25, 0xff, 0xcb, 0x81, 0x26, 0xff,
    0xda, 0x87, 0x22, 0xff, 0x8f, 0x69, 0x36, 0xff, 0x0d, 0x37, 0x59, 0xff, 0x1a, 0x3c, 0x55, 0xff,
    0x18, 0x3b, 0x56, 0xff, 0x18, 0x3b, 0x56, 0xff, 0x18, 0x3b, 0x56, 0xff, 0x18, 0x3b, 0x56, 0xff,
    0x18, 0x3b, 0x56, 0xff, 0x18, 0x3b, 0x56, 0xff, 0x18, 0x3b, 0x56, 0xff, 0x18, 0x3a, 0x56, 0xfb,
    0x1a, 0x3f, 0x5c, 0xff, 0x18, 0x3a, 0x56, 0x88, 0x00, 0x00, 0x00, 0x00, 0x00, 0x33, 0x66, 0x05,
    0x00, 0x33, 0x66, 0x05, 0x00, 0x00, 0x00, 0x00, 0x17, 0x3b, 0x55, 0x80, 0x1a, 0x3f, 0x5c, 0xff,
    0x18, 0x3a, 0x56, 0xfb, 0x18, 0x3b, 0x56, 0xff, 0x18, 0x3b, 0x56, 0xff, 0x18, 0x3b, 0x56, 0xff,
    0x18, 0x3b, 0x56, 0xff, 0x18, 0x3b, 0x56, 0xff, 0x18, 0x3b, 0x56, 0xff, 0x18, 0x3b, 0x56, 0xff,
    0x1b, 0x3d, 0x56, 0xff, 0x0a, 0x33, 0x58, 0xff, 0x9d, 0x82, 0x43, 0xff, 0xfa, 0xb5, 0x36, 0xff,
    0xeb, 0xac, 0x38, 0xff, 0xef, 0xaf, 0x38, 0xff, 0xef, 0xaf, 0x38, 0xff, 0xef, 0xaf, 0x38, 0xff,
    0xee, 0xad, 0x35, 0xff, 0xef, 0xaf, 0x38, 0xff, 0xef, 0xb0, 0x39, 0xff, 0xef, 0xaf, 0x38, 0xff,
    0xef, 0xaf, 0x38, 0xff, 0xef, 0xaf, 0x38, 0xff, 0xef, 0xaf, 0x38, 0xff, 0xef, 0xaf, 0x38, 0xff,
    0xef, 0xaf, 0x38, 0xff, 0xef, 0xaf, 0x38, 0xff, 0xf0, 0xb0, 0x38, 0xff, 0xed, 0xac, 0x37, 0xff,
    0xd0, 0x85, 0x26, 0xff, 0xcd, 0x81, 0x25, 0xff, 0xce, 0x82, 0x25, 0xff, 0xce, 0x82, 0x25, 0xff,
    0xce, 0x82, 0x25, 0xff, 0xce, 0x82, 0x25, 0xff, 0xce, 0x82, 0x25, 0xff, 0xce, 0x82, 0x25, 0xff,
    0xce, 0x82, 0x25, 0xff, 0xce, 0x82, 0x25, 0xff, 0xce, 0x82, 0x25, 0xff, 0xce, 0x82, 0x25, 0xff,
    0xce, 0x82, 0x25, 0xff, 0xce, 0x82, 0x25, 0xff, 0xce, 0x82, 0x25, 0xff, 0xca, 0x81, 0x26, 0xff,
    0xd7, 0x86, 0x23, 0xff, 0x8e, 0x69, 0x36, 0xff, 0x0d, 0x37, 0x59, 0xff, 0x1a, 0x3c, 0x55, 0xff,
    0x18, 0x3b, 0x56, 0xff, 0x18, 0x3b, 0x56, 0xff, 0x18, 0x3b, 0x56, 0xff, 0x18, 0x3b, 0x56, 0xff,
    0x18, 0x3b, 0x56, 0xff, 0x18, 0x3b, 0x56, 0xff, 0x18, 0x3b, 0x56, 0xff, 0x18, 0x3a, 0x56, 0xfb,
    0x1a, 0x3f, 0x5c, 0xff, 0x18, 0x3a, 0x56, 0x88, 0x00, 0x00, 0x00, 0x00, 0x00, 0x33, 0x66, 0x05,
    0x00, 0x33, 0x66, 0x05, 0x00, 0x00, 0x00, 0x00, 0x17, 0x3b, 0x55, 0x80, 0x1a, 0x3f, 0x5c, 0xff,
    0x18, 0x3a, 0x56, 0xfb, 0x18, 0x3b, 0x56, 0xff, 0x18, 0x3b, 0x56, 0xff, 0x18, 0x3b, 0x56, 0xff,
    0x18, 0x3b, 0x56, 0xff, 0x18, 0x3b, 0x56, 0xff, 0x18, 0x3b, 0x56, 0xff, 0x18, 0x3b, 0x56, 0xff,
    0x1b, 0x3d, 0x56, 0xff, 0x09, 0x32, 0x58, 0xff, 0xa4, 0x86, 0x42, 0xff, 0xff, 0xbf, 0x34, 0xff,
    0xf0, 0xaf, 0x37, 0xff, 0xec, 0xad, 0x38, 0xff, 0xed, 0xae, 0x38, 0xff, 0xef, 0xb0, 0x39, 0xff,
    0xf2, 0xb7, 0x46, 0xff, 0xef, 0xaf, 0x38, 0xff, 0xee, 0xac, 0x32, 0xff, 0xef, 0xae, 0x36, 0xff,
    0xef, 0xb0, 0x39, 0xff, 0xef, 0xb0, 0x39, 0xff, 0xef, 0xaf, 0x38, 0xff, 0xef, 0xaf, 0x38, 0xff,
    0xef, 0xaf, 0x38, 0xff, 0xef, 0xaf, 0x38, 0xff, 0xf0, 0xb0, 0x38, 0xff, 0xed, 0xac, 0x37, 0xff,
    0xd0, 0x85, 0x26, 0xff, 0xcd, 0x81, 0x25, 0xff, 0xce, 0x82, 0x25, 0xff, 0xce, 0x82, 0x25, 0xff,
    0xce, 0x82, 0x25, 0xff, 0xce, 0x82, 0x25, 0xff, 0xce, 0x82, 0x25, 0xff, 0xce, 0x82, 0x25, 0xff,
    0xce, 0x82, 0x25, 0xff, 0xce, 0x82, 0x25, 0xff, 0xce, 0x82, 0x25, 0xff, 0xce, 0x82, 0x25, 0xff,
    0xce, 0x82, 0x25, 0xff, 0xcc, 0x81, 0x26, 0xff, 0xcb, 0x81, 0x26, 0xff, 0xce, 0x82, 0x25, 0xff,
    0xe7, 0x8c, 0x1f, 0xff, 0x94, 0x6b, 0x35, 0xff, 0x0c, 0x37, 0x59, 0xff, 0x1a, 0x3c, 0x55, 0xff,
    0x18, 0x3b, 0x56, 0xff, 0x18, 0x3b, 0x56, 0xff, 0x18, 0x3b, 0x56, 0xff, 0x18, 0x3b, 0x56, 0xff,
    0x18, 0x3b, 0x56, 0xff, 0x18, 0x3b, 0x56, 0xff, 0x18, 0x3b, 0x56, 0xff, 0x18, 0x3a, 0x56, 0xfb,
    0x1a, 0x3f, 0x5c, 0xff, 0x18, 0x3a, 0x56, 0x88, 0x00, 0x00, 0x00, 0x00, 0x00, 0x33, 0x66, 0x05,
    0x00, 0x33, 0x66, 0x05, 0x00, 0x00, 0x00, 0x00, 0x17, 0x3b, 0x55, 0x80, 0x1a, 0x3f, 0x5c, 0xff,
    0x18, 0x3a, 0x56, 0xfb, 0x18, 0x3b, 0x56, 0xff, 0x18, 0x3b, 0x56, 0xff, 0x18, 0x3b, 0x56, 0xff,
    0x18, 0x3b, 0x56, 0xff, 0x18, 0x3b, 0x56, 0xff, 0x18, 0x3b, 0x56, 0xff, 0x18, 0x3b, 0x56, 0xff,
    0x19, 0x3c, 0x56, 0xff, 0x14, 0x39, 0x57, 0xff, 0x3a, 0x4d, 0x51, 0xff, 0x98, 0x80, 0x44, 0xff,
    0xde, 0xa6, 0x3a, 0xff, 0xfe, 0xb7, 0x36, 0xff, 0xfa, 0xb5, 0x36, 0xff, 0xee, 0xaf, 0x39, 0xff,
    0xfa, 0xd3, 0x7d, 0xff, 0xfb, 0xd2, 0x79, 0xff, 0xf6, 0xc1, 0x59, 0xff, 0xf0, 0xb3, 0x3f, 0xff,
    0xee, 0xac, 0x33, 0xff, 0xee, 0xad, 0x34, 0xff, 0xef, 0xaf, 0x38, 0xff, 0xef, 0xaf, 0x38, 0xff,
    0xef, 0xaf, 0x38, 0xff, 0xef, 0xaf, 0x38, 0xff, 0xf0, 0xb0, 0x38, 0xff, 0xed, 0xac, 0x37, 0xff,
    0xd0, 0x85, 0x26, 0xff, 0xcd, 0x81, 0x25, 0xff, 0xce, 0x82, 0x25, 0xff, 0xce, 0x82, 0x25, 0xff,
    0xce, 0x82, 0x25, 0xff, 0xce, 0x82, 0x25, 0xff, 0xce, 0x82, 0x25, 0xff, 0xce, 0x82, 0x25, 0xff,
    0xce, 0x82, 0x25, 0xff, 0xce, 0x82, 0x25, 0xff, 0xcd, 0x82, 0x25, 0xff, 0xcb, 0x81, 0x26, 0xff,
    0xcd, 0x82, 0x25, 0xff, 0xd7, 0x85, 0x23, 0xff, 0xda, 0x87, 0x22, 0xff, 0xc1, 0x7d, 0x28, 0xff,
    0x87, 0x66, 0x38, 0xff, 0x37, 0x47, 0x4e, 0xff, 0x14, 0x3a, 0x57, 0xff, 0x19, 0x3b, 0x56, 0xff,
    0x18, 0x3b, 0x56, 0xff, 0x18, 0x3b, 0x56, 0xff, 0x18, 0x3b, 0x56, 0xff, 0x18, 0x3b, 0x56, 0xff,
    0x18, 0x3b, 0x56, 0xff, 0x18, 0x3b, 0x56, 0xff, 0x18, 0x3b, 0x56, 0xff, 0x18, 0x3a, 0x56, 0xfb,
    0x1a, 0x3f, 0x5c, 0xff, 0x18, 0x3a, 0x56, 0x88, 0x00, 0x00, 0x00, 0x00, 0x00, 0x33, 0x66, 0x05,
    0x00, 0x33, 0x66, 0x05, 0x00, 0x00, 0x00, 0x00, 0x17, 0x3b, 0x55, 0x80, 0x1a, 0x3f, 0x5c, 0xff,
    0x18, 0x3a, 0x56, 0xfb, 0x18, 0x3b, 0x56, 0xff, 0x18, 0x3b, 0x56, 0xff, 0x18, 0x3b, 0x56, 0xff,
    0x18, 0x3b, 0x56, 0xff, 0x18, 0x3b, 0x56, 0xff, 0x18, 0x3b, 0x56, 0xff, 0x18, 0x3b, 0x56, 0xff,
    0x18, 0x3b, 0x56, 0xff, 0x19, 0x3c, 0x56, 0xff, 0x11, 0x37, 0x57, 0xff, 0x09, 0x33, 0x58, 0xff,
    0x24, 0x42, 0x54, 0xff, 0x6a, 0x67, 0x4b, 0xff, 0xbd, 0x94, 0x3f, 0xff, 0xf3, 0xb1, 0x37, 0xff,
    0xff, 0xda, 0x75, 0xff, 0xff, 0xe3, 0x91, 0xff, 0xfe, 0xdd, 0x8f, 0xff, 0xfc, 0xd7, 0x83, 0xff,
    0xf9, 0xca, 0x6a, 0xff, 0xf3, 0xba, 0x4c, 0xff, 0xef, 0xaf, 0x38, 0xff, 0xef, 0xae, 0x37, 0xff,
    0xef, 0xaf, 0x38, 0xff, 0xef, 0xaf, 0x38, 0xff, 0xf0, 0xb0, 0x38, 0xff, 0xed, 0xac, 0x37, 0xff,
    0xd0, 0x85, 0x26, 0xff, 0xcd, 0x81, 0x25, 0xff, 0xce, 0x82, 0x25, 0xff, 0xce, 0x82, 0x25, 0xff,
    0xce, 0x82, 0x25, 0xff, 0xce, 0x82, 0x25, 0xff, 0xce, 0x82, 0x25, 0xff, 0xce, 0x82, 0x25, 0xff,
    0xcc, 0x81, 0x26, 0xff, 0xcb, 0x81, 0x26, 0xff, 0xd2, 0x83, 0x24, 0xff, 0xdb, 0x87, 0x22, 0xff,
    0xd2, 0x84, 0x24, 0xff, 0xa6, 0x72, 0x30, 0xff, 0x60, 0x57, 0x43, 0xff, 0x24, 0x40, 0x53, 0xff,
    0x0b, 0x36, 0x5a, 0xff, 0x11, 0x38, 0x58, 0xff, 0x19, 0x3b, 0x56, 0xff, 0x18, 0x3b, 0x56, 0xff,
    0x18, 0x3b, 0x56, 0xff, 0x18, 0x3b, 0x56, 0xff, 0x18, 0x3b, 0x56, 0xff, 0x18, 0x3b, 0x56, 0xff,
    0x18, 0x3b, 0x56, 0xff, 0x18, 0x3b, 0x56, 0xff, 0x18, 0x3b, 0x56, 0xff, 0x18, 0x3a, 0x56, 0xfb,
    0x1a, 0x3f, 0x5c, 0xff, 0x18, 0x3a, 0x56, 0x88, 0x00, 0x00, 0x00, 0x00, 0x00, 0x33, 0x66, 0x05,
    0x00, 0x33, 0x66, 0x05, 0x00, 0x00, 0x00, 0x00, 0x17, 0x3c, 0x55, 0x77, 0x1a, 0x3f, 0x5c, 0xff,
    0x18, 0x3a, 0x56, 0xfb, 0x18, 0x3b, 0x56, 0xff, 0x18, 0x3b, 0x56, 0xff, 0x18, 0x3b, 0x56, 0xff,
    0x18, 0x3b, 0x56, 0xff, 0x18, 0x3b, 0x56, 0xff, 0x18, 0x3b, 0x56, 0xff, 0x18, 0x3b, 0x56, 0xff,
    0x18, 0x3b, 0x56, 0xff, 0x18, 0x3b, 0x56, 0xff, 0x1a, 0x3c, 0x56, 0xff, 0x1c, 0x3d, 0x55, 0xff,
    0x15, 0x39, 0x56, 0xff, 0x09, 0x33, 0x58, 0xff, 0x11, 0x37, 0x57, 0xff, 0x41, 0x51, 0x50, 0xff,
    0x95, 0x81, 0x4c, 0xff, 0xe3, 0xb7, 0x5b, 0xff, 0xff, 0xd9, 0x74, 0xff, 0xff, 0xe2, 0x88, 0xff,
    0xff, 0xdf, 0x91, 0xff, 0xfc, 0xdb, 0x8c, 0xff, 0xfb, 0xd1, 0x78, 0xff, 0xf1, 0xb4, 0x40, 0xff,
    0xee, 0xae, 0x36, 0xff, 0xef, 0xaf, 0x39, 0xff, 0xf0, 0xb0, 0x38, 0xff, 0xed, 0xac, 0x37, 0xff,
    0xd0, 0x85, 0x26, 0xff, 0xcd, 0x81, 0x25, 0xff, 0xce, 0x82, 0x25, 0xff, 0xce, 0x82, 0x25, 0xff,
    0xce, 0x82, 0x25, 0xff, 0xcd, 0x82, 0x25, 0xff, 0xcb, 0x81, 0x26, 0xff, 0xcd, 0x82, 0x25, 0xff,
    0xd7, 0x86, 0x23, 0xff, 0xda, 0x87, 0x22, 0xff, 0xc0, 0x7c, 0x29, 0xff, 0x83, 0x65, 0x39, 0xff,
    0x3d, 0x49, 0x4c, 0xff, 0x12, 0x39, 0x57, 0xff, 0x0b, 0x36, 0x59, 0xff, 0x15, 0x3a, 0x57, 0xff,
    0x1b, 0x3c, 0x55, 0xff, 0x1a, 0x3c, 0x56, 0xff, 0x18, 0x3b, 0x56, 0xff, 0x18, 0x3b, 0x56, 0xff,
    0x18, 0x3b, 0x56, 0xff, 0x18, 0x3b, 0x56, 0xff, 0x18, 0x3b, 0x56, 0xff, 0x18, 0x3b, 0x56, 0xff,
    0x18, 0x3b, 0x56, 0xff, 0x18, 0x3b, 0x56, 0xff, 0x18, 0x3b, 0x56, 0xff, 0x18, 0x3a, 0x56, 0xfb,
    0x1a, 0x3f, 0x5c, 0xff, 0x18, 0x3c, 0x56, 0x7f, 0x00, 0x00, 0x00, 0x00, 0x00, 0x33, 0x66, 0x05,
    0x00, 0x3f, 0x3f, 0x04, 0x00, 0x00, 0x00, 0x00, 0x19, 0x3b, 0x55, 0x5a, 0x19, 0x3f, 0x5b, 0xff,
    0x18, 0x3a, 0x56, 0xfc, 0x18, 0x3b, 0x56, 0xff, 0x18, 0x3b, 0x56, 0xff, 0x18, 0x3b, 0x56, 0xff,
    0x18, 0x3b, 0x56, 0xff, 0x18, 0x3b, 0x56, 0xff, 0x18, 0x3b, 0x56, 0xff, 0x18, 0x3b, 0x56, 0xff,
    0x18, 0x3b, 0x56, 0xff, 0x18, 0x3b, 0x56, 0xff, 0x18, 0x3b, 0x56, 0xff, 0x18, 0x3b, 0x56, 0xff,
    0x19, 0x3b, 0x56, 0xff, 0x1b, 0x3d, 0x56, 0xff, 0x1a, 0x3c, 0x56, 0xff, 0x0f, 0x36, 0x58, 0xff,
    0x08, 0x32, 0x57, 0xff, 0x21, 0x3d, 0x4f, 0xff, 0x67, 0x65, 0x4a, 0xff, 0xbe, 0x9c, 0x51, 0xff,
    0xfb, 0xca, 0x66, 0xff, 0xff, 0xdf, 0x7e, 0xff, 0xff, 0xe1, 0x8f, 0xff, 0xef, 0xb6, 0x48, 0xff,
    0xeb, 0xab, 0x35, 0xff, 0xef, 0xaf, 0x39, 0xff, 0xf0, 0xb0, 0x38, 0xff, 0xed, 0xac, 0x37, 0xff,
    0xd0, 0x85, 0x26, 0xff, 0xcd, 0x81, 0x25, 0xff, 0xce, 0x82, 0x25, 0xff, 0xcc, 0x81, 0x26, 0xff,
    0xcb, 0x81, 0x26, 0xff, 0xd2, 0x84, 0x24, 0xff, 0xdb, 0x87, 0x22, 0xff, 0xd1, 0x83, 0x24, 0xff,
    0xa3, 0x71, 0x30, 0xff, 0x5d, 0x56, 0x43, 0xff, 0x22, 0x3f, 0x53, 0xff, 0x0b, 0x36, 0x59, 0xff,
    0x10, 0x38, 0x58, 0xff, 0x19, 0x3b, 0x56, 0xff, 0x1b, 0x3c, 0x55, 0xff, 0x19, 0x3b, 0x56, 0xff,
    0x18, 0x3b, 0x56, 0xff, 0x18, 0x3b, 0x56, 0xff, 0x18, 0x3b, 0x56, 0xff, 0x18, 0x3b, 0x56, 0xff,
    0x18, 0x3b, 0x56, 0xff, 0x18, 0x3b, 0x56, 0xff, 0x18, 0x3b, 0x56, 0xff, 0x18, 0x3b, 0x56, 0xff,
    0x18, 0x3b, 0x56, 0xff, 0x18, 0x3b, 0x56, 0xff, 0x18, 0x3b, 0x56, 0xff, 0x18, 0x3a, 0x56, 0xfb,
    0x1a, 0x3f, 0x5c, 0xff, 0x17, 0x39, 0x56, 0x61, 0x00, 0x00, 0x00, 0x00, 0x00, 0x3f, 0x3f, 0x04,
    0x00, 0x7f, 0x7f, 0x02, 0x00, 0x00, 0x00, 0x00, 0x17, 0x39, 0x56, 0x2c, 0x18, 0x3c, 0x57, 0xfe,
    0x18, 0x3b, 0x56, 0xfe, 0x18, 0x3b, 0x56, 0xff, 0x18, 0x3b, 0x56, 0xff, 0x18, 0x3b, 0x56, 0xff,
    0x18, 0x3b, 0x56, 0xff, 0x18, 0x3b, 0x56, 0xff, 0x18, 0x3b, 0x56, 0xff, 0x18, 0x3b, 0x56, 0xff,
    0x18, 0x3b, 0x56, 0xff, 0x18, 0x3b, 0x56, 0xff, 0x18, 0x3b, 0x56, 0xff, 0x18, 0x3b, 0x56, 0xff,
    0x18, 0x3b, 0x56, 0xff, 0x18, 0x3b, 0x56, 0xff, 0x18, 0x3b, 0x56, 0xff, 0x1a, 0x3c, 0x56, 0xff,
    0x1c, 0x3d, 0x56, 0xff, 0x15, 0x3a, 0x58, 0xff, 0x0a, 0x33, 0x58, 0xff, 0x0f, 0x34, 0x54, 0xff,
    0x3e, 0x4d, 0x4b, 0xff, 0x91, 0x7f, 0x4a, 0xff, 0xe1, 0xb5, 0x5b, 0xff, 0xff, 0xbc, 0x3f, 0xff,
    0xfa, 0xb4, 0x34, 0xff, 0xef, 0xaf, 0x39, 0xff, 0xec, 0xae, 0x38, 0xff, 0xec, 0xab, 0x37, 0xff,
    0xcf, 0x85, 0x26, 0xff, 0xca, 0x80, 0x26, 0xff, 0xce, 0x82, 0x25, 0xff, 0xd7, 0x86, 0x22, 0xff,
    0xda, 0x87, 0x22, 0xff, 0xbe, 0x7c, 0x29, 0xff, 0x80, 0x64, 0x3a, 0xff, 0x3b, 0x49, 0x4d, 0xff,
    0x12, 0x38, 0x58, 0xff, 0x0c, 0x36, 0x59, 0xff, 0x15, 0x3a, 0x57, 0xff, 0x1b, 0x3c, 0x55, 0xff,
    0x1a, 0x3c, 0x56, 0xff, 0x18, 0x3b, 0x56, 0xff, 0x18, 0x3b, 0x56, 0xff, 0x18, 0x3b, 0x56, 0xff,
    0x18, 0x3b, 0x56, 0xff, 0x18, 0x3b, 0x56, 0xff, 0x18, 0x3b, 0x56, 0xff, 0x18, 0x3b, 0x56, 0xff,
    0x18, 0x3b, 0x56, 0xff, 0x18, 0x3b, 0x56, 0xff, 0x18, 0x3b, 0x56, 0xff, 0x18, 0x3b, 0x56, 0xff,
    0x18, 0x3b, 0x56, 0xff, 0x18, 0x3b, 0x56, 0xff, 0x18, 0x3b, 0x56, 0xff, 0x18, 0x3b, 0x56, 0xfe,
    0x19, 0x3c, 0x58, 0xff, 0x19, 0x3c, 0x55, 0x33, 0x00, 0x00, 0x00, 0x00, 0x00, 0x55, 0x55, 0x03,
    0x00, 0x00, 0x00, 0x00, 0x00, 0x00, 0x00, 0x01, 0x00, 0x3f, 0x3f, 0x04, 0x17, 0x3b, 0x56, 0xd8,
    0x19, 0x3d, 0x59, 0xfe, 0x18, 0x3b, 0x55, 0xfd, 0x18, 0x3b, 0x56, 0xff, 0x18, 0x3b, 0x56, 0xff,
    0x18, 0x3b, 0x56, 0xff, 0x18, 0x3b, 0x56, 0xff, 0x18, 0x3b, 0x56, 0xff, 0x18, 0x3b, 0x56, 0xff,
    0x18, 0x3b, 0x56, 0xff, 0x18, 0x3b, 0x56, 0xff, 0x18, 0x3b, 0x56, 0xff, 0x18, 0x3b, 0x56, 0xff,
    0x18, 0x3b, 0x56, 0xff, 0x18, 0x3b, 0x56, 0xff, 0x18, 0x3b, 0x56, 0xff, 0x18, 0x3b, 0x56, 0xff,
    0x18, 0x3b, 0x56, 0xff, 0x19, 0x3b, 0x56, 0xff, 0x1b, 0x3d, 0x56, 0xff, 0x1a, 0x3c, 0x57, 0xff,
    0x10, 0x37, 0x59, 0xff, 0x08, 0x32, 0x57, 0xff, 0x20, 0x3d, 0x50, 0xff, 0x64, 0x64, 0x4a, 0xff,
    0xb8, 0x91, 0x40, 0xff, 0xf1, 0xb0, 0x38, 0xff, 0xff, 0xb8, 0x36, 0xff, 0xf2, 0xaf, 0x36, 0xff,
    0xd4, 0x86, 0x25, 0xff, 0xda, 0x86, 0x21, 0xff, 0xd1, 0x83, 0x24, 0xff, 0xa1, 0x70, 0x31, 0xff,
    0x5b, 0x55, 0x44, 0xff, 0x21, 0x3e, 0x54, 0xff, 0x0b, 0x36, 0x5a, 0xff, 0x10, 0x38, 0x58, 0xff,
    0x19, 0x3c, 0x56, 0xff, 0x1b, 0x3c, 0x55, 0xff, 0x19, 0x3b, 0x56, 0xff, 0x18, 0x3b, 0x56, 0xff,
    0x18, 0x3b, 0x56, 0xff, 0x18, 0x3b, 0x56, 0xff, 0x18, 0x3b, 0x56, 0xff, 0x18, 0x3b, 0x56, 0xff,
    0x18, 0x3b, 0x56, 0xff, 0x18, 0x3b, 0x56, 0xff, 0x18, 0x3b, 0x56, 0xff, 0x18, 0x3b, 0x56, 0xff,
    0x18, 0x3b, 0x56, 0xff, 0x18, 0x3b, 0x56, 0xff, 0x18, 0x3b, 0x56, 0xff, 0x18, 0x3b, 0x56, 0xff,
    0x18, 0x3b, 0x56, 0xff, 0x18, 0x3b, 0x56, 0xff, 0x18, 0x3b, 0x55, 0xfd, 0x19, 0x3d, 0x59, 0xfe,
    0x18, 0x3a, 0x55, 0xdf, 0x2a, 0x2a, 0x55, 0x06, 0x00, 0x00, 0x00, 0x01, 0x00, 0x00, 0x00, 0x01,
    0x00, 0x00, 0x00, 0x00, 0x00, 0x3f, 0x3f, 0x04, 0x00, 0x00, 0x00, 0x00, 0x17, 0x3b, 0x55, 0x81,
    0x1a, 0x3f, 0x5c, 0xff, 0x18, 0x3a, 0x56, 0xfb, 0x18, 0x3b, 0x56, 0xff, 0x18, 0x3b, 0x56, 0xff,
    0x18, 0x3b, 0x56, 0xff, 0x18, 0x3b, 0x56, 0xff, 0x18, 0x3b, 0x56, 0xff, 0x18, 0x3b, 0x56, 0xff,
    0x18, 0x3b, 0x56, 0xff, 0x18, 0x3b, 0x56, 0xff, 0x18, 0x3b, 0x56, 0xff, 0x18, 0x3b, 0x56, 0xff,
    0x18, 0x3b, 0x56, 0xff, 0x18, 0x3b, 0x56, 0xff, 0x18, 0x3b, 0x56, 0xff, 0x18, 0x3b, 0x56, 0xff,
    0x18, 0x3b, 0x56, 0xff, 0x18, 0x3b, 0x56, 0xff, 0x18, 0x3b, 0x56, 0xff, 0x18, 0x3b, 0x56, 0xff,
    0x1a, 0x3c, 0x56, 0xff, 0x1c, 0x3d, 0x56, 0xff, 0x16, 0x3a, 0x58, 0xff, 0x0a, 0x33, 0x58, 0xff,
    0x0f, 0x36, 0x57, 0xff, 0x3d, 0x4f, 0x51, 0xff, 0x8d, 0x7b, 0x46, 0xff, 0xd8, 0xa1, 0x39, 0xff,
    0xc1, 0x7f, 0x2b, 0xff, 0x7c, 0x61, 0x3a, 0xff, 0x39, 0x48, 0x4d, 0xff, 0x11, 0x38, 0x58, 0xff,
    0x0c, 0x36, 0x59, 0xff, 0x16, 0x3a, 0x57, 0xff, 0x1b, 0x3c, 0x55, 0xff, 0x1a, 0x3c, 0x56, 0xff,
    0x18, 0x3b, 0x56, 0xff, 0x18, 0x3b, 0x56, 0xff, 0x18, 0x3b, 0x56, 0xff, 0x18, 0x3b, 0x56, 0xff,
    0x18, 0x3b, 0x56, 0xff, 0x18, 0x3b, 0x56, 0xff, 0x18, 0x3b, 0x56, 0xff, 0x18, 0x3b, 0x56, 0xff,
    0x18, 0x3b, 0x56, 0xff, 0x18, 0x3b, 0x56, 0xff, 0x18, 0x3b, 0x56, 0xff, 0x18, 0x3b, 0x56, 0xff,
    0x18, 0x3b, 0x56, 0xff, 0x18, 0x3b, 0x56, 0xff, 0x18, 0x3b, 0x56, 0xff, 0x18, 0x3b, 0x56, 0xff,
    0x18, 0x3b, 0x56, 0xff, 0x18, 0x3b, 0x56, 0xff, 0x18, 0x3a, 0x56, 0xfb, 0x1a, 0x3f, 0x5c, 0xff,
    0x18, 0x3b, 0x55, 0x89, 0x00, 0x00, 0x00, 0x00, 0x00, 0x3f, 0x3f, 0x04, 0x00, 0x00, 0x00, 0x00,
    0x00, 0x00, 0x00, 0x00, 0x00, 0x00, 0x00, 0x02, 0x00, 0x00, 0x00, 0x01, 0x14, 0x3d, 0x51, 0x19,
    0x18, 0x3c, 0x57, 0xf2, 0x18, 0x3c, 0x57, 0xfd, 0x18, 0x3b, 0x56, 0xfe, 0x18, 0x3b, 0x56, 0xff,
    0x18, 0x3b, 0x56, 0xff, 0x18, 0x3b, 0x56, 0xff, 0x18, 0x3b, 0x56, 0xff, 0x18, 0x3b, 0x56, 0xff,
    0x18, 0x3b, 0x56, 0xff, 0x18, 0x3b, 0x56, 0xff, 0x18, 0x3b, 0x56, 0xff, 0x18, 0x3b, 0x56, 0xff,
    0x18, 0x3b, 0x56, 0xff, 0x18, 0x3b, 0x56, 0xff, 0x18, 0x3b, 0x56, 0xff, 0x18, 0x3b, 0x56, 0xff,
    0x18, 0x3b, 0x56, 0xff, 0x18, 0x3b, 0x56, 0xff, 0x18, 0x3b, 0x56, 0xff, 0x18, 0x3b, 0x56, 0xff,
    0x18, 0x3b, 0x56, 0xff, 0x18, 0x3b, 0x56, 0xff, 0x19, 0x3b, 0x56, 0xff, 0x1b, 0x3d, 0x56, 0xff,
    0x1a, 0x3c, 0x56, 0xff, 0x10, 0x36, 0x57, 0xff, 0x07, 0x32, 0x58, 0xff, 0x23, 0x40, 0x54, 0xff,
    0x24, 0x40, 0x53, 0xff, 0x0a, 0x35, 0x5a, 0xff, 0x11, 0x38, 0x58, 0xff, 0x1a, 0x3c, 0x56, 0xff,
    0x1b, 0x3c, 0x55, 0xff, 0x19, 0x3b, 0x56, 0xff, 0x18, 0x3b, 0x56, 0xff, 0x18, 0x3b, 0x56, 0xff,
    0x18, 0x3b, 0x56, 0xff, 0x18, 0x3b, 0x56, 0xff, 0x18, 0x3b, 0x56, 0xff, 0x18, 0x3b, 0x56, 0xff,
    0x18, 0x3b, 0x56, 0xff, 0x18, 0x3b, 0x56, 0xff, 0x18, 0x3b, 0x56, 0xff, 0x18, 0x3b, 0x56, 0xff,
    0x18, 0x3b, 0x56, 0xff, 0x18, 0x3b, 0x56, 0xff, 0x18, 0x3b, 0x56, 0xff, 0x18, 0x3b, 0x56, 0xff,
    0x18, 0x3b, 0x56, 0xff, 0x18, 0x3b, 0x56, 0xff, 0x18, 0x3b, 0x56, 0xff, 0x18, 0x3b, 0x56, 0xff,
    0x18, 0x3b, 0x56, 0xff, 0x18, 0x3b, 0x56, 0xfe, 0x18, 0x3b, 0x58, 0xfc, 0x17, 0x3c, 0x57, 0xf6,
    0x19, 0x3b, 0x55, 0x1e, 0x00, 0x00, 0x00, 0x01, 0x00, 0x00, 0x7f, 0x02, 0x00, 0x00, 0x00, 0x00,
    0x00, 0x00, 0x00, 0x00, 0x00, 0x00, 0x00, 0x00, 0x00, 0x55, 0x55, 0x03, 0x00, 0x00, 0x00, 0x00,
    0x18, 0x3b, 0x55, 0x74, 0x1a, 0x40, 0x5d, 0xff, 0x18, 0x3b, 0x55, 0xfa, 0x18, 0x3b, 0x56, 0xff,
    0x18, 0x3b, 0x56, 0xff, 0x18, 0x3b, 0x56, 0xff, 0x18, 0x3b, 0x56, 0xff, 0x18, 0x3b, 0x56, 0xff,
    0x18, 0x3b, 0x56, 0xff, 0x18, 0x3b, 0x56, 0xff, 0x18, 0x3b, 0x56, 0xff, 0x18, 0x3b, 0x56, 0xff,
    0x18, 0x3b, 0x56, 0xff, 0x18, 0x3b, 0x56, 0xff, 0x18, 0x3b, 0x56, 0xff, 0x18, 0x3b, 0x56, 0xff,
    0x18, 0x3b, 0x56, 0xff, 0x18, 0x3b, 0x56, 0xff, 0x18, 0x3b, 0x56, 0xff, 0x18, 0x3b, 0x56, 0xff,
    0x18, 0x3b, 0x56, 0xff, 0x18, 0x3b, 0x56, 0xff, 0x18, 0x3b, 0x56, 0xff, 0x18, 0x3b, 0x56, 0xff,
    0x18, 0x3b, 0x56, 0xff, 0x1a, 0x3c, 0x56, 0xff, 0x1c, 0x3d, 0x55, 0xff, 0x15, 0x3a, 0x57, 0xff,
    0x15, 0x3a, 0x57, 0xff, 0x1b, 0x3c, 0x55, 0xff, 0x1a, 0x3c, 0x56, 0xff, 0x18, 0x3b, 0x56, 0xff,
    0x18, 0x3b, 0x56, 0xff, 0x18, 0x3b, 0x56, 0xff, 0x18, 0x3b, 0x56, 0xff, 0x18, 0x3b, 0x56, 0xff,
    0x18, 0x3b, 0x56, 0xff, 0x18, 0x3b, 0x56, 0xff, 0x18, 0x3b, 0x56, 0xff, 0x18, 0x3b, 0x56, 0xff,
    0x18, 0x3b, 0x56, 0xff, 0x18, 0x3b, 0x56, 0xff, 0x18, 0x3b, 0x56, 0xff, 0x18, 0x3b, 0x56, 0xff,
    0x18, 0x3b, 0x56, 0xff, 0x18, 0x3b, 0x56, 0xff, 0x18, 0x3b, 0x56, 0xff, 0x18, 0x3b, 0x56, 0xff,
    0x18, 0x3b, 0x56, 0xff, 0x18, 0x3b, 0x56, 0xff, 0x18, 0x3b, 0x56, 0xff, 0x18, 0x3b, 0x56, 0xff,
    0x18, 0x3b, 0x56, 0xff, 0x18, 0x3b, 0x55, 0xfa, 0x1a, 0x40, 0x5d, 0xff, 0x18, 0x3b, 0x56, 0x7c,
    0x00, 0x00, 0x00, 0x00, 0x00, 0x55, 0x55, 0x03, 0x00, 0x00, 0x00, 0x00, 0x00, 0x00, 0x00, 0x00,
    0x00, 0x00, 0x00, 0x00, 0x00, 0x00, 0x00, 0x00, 0x00, 0x00, 0x00, 0x01, 0x00, 0x55, 0x55, 0x03,
    0x00, 0x00, 0x00, 0x01, 0x17, 0x3b, 0x56, 0xb9, 0x1a, 0x3f, 0x5d, 0xff, 0x18, 0x3b, 0x55, 0xfa,
    0x18, 0x3b, 0x56, 0xff, 0x18, 0x3b, 0x56, 0xff, 0x18, 0x3b, 0x56, 0xff, 0x18, 0x3b, 0x56, 0xff,
    0x18, 0x3b, 0x56, 0xff, 0x18, 0x3b, 0x56, 0xff, 0x18, 0x3b, 0x56, 0xff, 0x18, 0x3b, 0x56, 0xff,
    0x18, 0x3b, 0x56, 0xff, 0x18, 0x3b, 0x56, 0xff, 0x18, 0x3b, 0x56, 0xff, 0x18, 0x3b, 0x56, 0xff,
    0x18, 0x3b, 0x56, 0xff, 0x18, 0x3b, 0x56, 0xff, 0x18, 0x3b, 0x56, 0xff, 0x18, 0x3b, 0x56, 0xff,
    0x18, 0x3b, 0x56, 0xff, 0x18, 0x3b, 0x56, 0xff, 0x18, 0x3b, 0x56, 0xff, 0x18, 0x3b, 0x56, 0xff,
    0x18, 0x3b, 0x56, 0xff, 0x18, 0x3b, 0x56, 0xff, 0x18, 0x3b, 0x56, 0xff, 0x19, 0x3b, 0x56, 0xff,
    0x19, 0x3b, 0x56, 0xff, 0x18, 0x3b, 0x56, 0xff, 0x18, 0x3b, 0x56, 0xff, 0x18, 0x3b, 0x56, 0xff,
    0x18, 0x3b, 0x56, 0xff, 0x18, 0x3b, 0x56, 0xff, 0x18, 0x3b, 0x56, 0xff, 0x18, 0x3b, 0x56, 0xff,
    0x18, 0x3b, 0x56, 0xff, 0x18, 0x3b, 0x56, 0xff, 0x18, 0x3b, 0x56, 0xff, 0x18, 0x3b, 0x56, 0xff,
    0x18, 0x3b, 0x56, 0xff, 0x18, 0x3b, 0x56, 0xff, 0x18, 0x3b, 0x56, 0xff, 0x18, 0x3b, 0x56, 0xff,
    0x18, 0x3b, 0x56, 0xff, 0x18, 0x3b, 0x56, 0xff, 0x18, 0x3b, 0x56, 0xff, 0x18, 0x3b, 0x56, 0xff,
    0x18, 0x3b, 0x56, 0xff, 0x18, 0x3b, 0x56, 0xff, 0x18, 0x3b, 0x56, 0xff, 0x18, 0x3b, 0x56, 0xff,
    0x18, 0x3b, 0x55, 0xfa, 0x1a, 0x3f, 0x5c, 0xff, 0x17, 0x3a, 0x56, 0xc0, 0x00, 0x55, 0x55, 0x03,
    0x00, 0x55, 0x55, 0x03, 0x00, 0x00, 0x00, 0x01, 0x00, 0x00, 0x00, 0x00, 0x00, 0x00, 0x00, 0x00,
    0x00, 0x00, 0x00, 0x00, 0x00, 0x00, 0x00, 0x00, 0x00, 0x00, 0x00, 0x00, 0x00, 0x00, 0x00, 0x01,
    0x00, 0x00, 0x00, 0x01, 0x1f, 0x3f, 0x4f, 0x10, 0x19, 0x3c, 0x57, 0xcc, 0x1a, 0x3f, 0x5c, 0xff,
    0x18, 0x3b, 0x55, 0xfa, 0x18, 0x3b, 0x56, 0xfe, 0x18, 0x3b, 0x56, 0xff, 0x18, 0x3b, 0x56, 0xff,
    0x18, 0x3b, 0x56, 0xff, 0x18, 0x3b, 0x56, 0xff, 0x18, 0x3b, 0x56, 0xff, 0x18, 0x3b, 0x56, 0xff,
    0x18, 0x3b, 0x56, 0xff, 0x18, 0x3b, 0x56, 0xff, 0x18, 0x3b, 0x56, 0xff, 0x18, 0x3b, 0x56, 0xff,
    0x18, 0x3b, 0x56, 0xff, 0x18, 0x3b, 0x56, 0xff, 0x18, 0x3b, 0x56, 0xff, 0x18, 0x3b, 0x56, 0xff,
    0x18, 0x3b, 0x56, 0xff, 0x18, 0x3b, 0x56, 0xff, 0x18, 0x3b, 0x56, 0xff, 0x18, 0x3b, 0x56, 0xff,
    0x18, 0x3b, 0x56, 0xff, 0x18, 0x3b, 0x56, 0xff, 0x18, 0x3b, 0x56, 0xff, 0x18, 0x3b, 0x56, 0xff,
    0x18, 0x3b, 0x56, 0xff, 0x18, 0x3b, 0x56, 0xff, 0x18, 0x3b, 0x56, 0xff, 0x18, 0x3b, 0x56, 0xff,
    0x18, 0x3b, 0x56, 0xff, 0x18, 0x3b, 0x56, 0xff, 0x18, 0x3b, 0x56, 0xff, 0x18, 0x3b, 0x56, 0xff,
    0x18, 0x3b, 0x56, 0xff, 0x18, 0x3b, 0x56, 0xff, 0x18, 0x3b, 0x56, 0xff, 0x18, 0x3b, 0x56, 0xff,
    0x18, 0x3b, 0x56, 0xff, 0x18, 0x3b, 0x56, 0xff, 0x18, 0x3b, 0x56, 0xff, 0x18, 0x3b, 0x56, 0xff,
    0x18, 0x3b, 0x56, 0xff, 0x18, 0x3b, 0x56, 0xff, 0x18, 0x3b, 0x56, 0xff, 0x18, 0x3b, 0x56, 0xff,
    0x18, 0x3b, 0x56, 0xff, 0x18, 0x3b, 0x56, 0xff, 0x18, 0x3b, 0x56, 0xfe, 0x18, 0x3b, 0x55, 0xfa,
    0x1a, 0x3f, 0x5c, 0xff, 0x18, 0x3b, 0x57, 0xd1, 0x19, 0x3f, 0x59, 0x14, 0x00, 0x00, 0x00, 0x01,
    0x00, 0x00, 0x00, 0x02, 0x00, 0x00, 0x00, 0x00, 0x00, 0x00, 0x00, 0x00, 0x00, 0x00, 0x00, 0x00,
    0x00, 0x00, 0x00, 0x00, 0x00, 0x00, 0x00, 0x00, 0x00, 0x00, 0x00, 0x00, 0x00, 0x00, 0x00, 0x00,
    0x00, 0x00, 0x7f, 0x02, 0x00, 0x00, 0x00, 0x00, 0x1e, 0x3c, 0x5a, 0x11, 0x18, 0x3c, 0x57, 0xb8,
    0x1a, 0x40, 0x5d, 0xff, 0x18, 0x3c, 0x57, 0xff, 0x18, 0x3a, 0x55, 0xfb, 0x18, 0x3b, 0x55, 0xfd,
    0x18, 0x3b, 0x56, 0xff, 0x18, 0x3b, 0x56, 0xff, 0x18, 0x3b, 0x56, 0xff, 0x18, 0x3b, 0x56, 0xff,
    0x18, 0x3b, 0x56, 0xff, 0x18, 0x3b, 0x56, 0xff, 0x18, 0x3b, 0x56, 0xff, 0x18, 0x3b, 0x56, 0xff,
    0x18, 0x3b, 0x56, 0xff, 0x18, 0x3b, 0x56, 0xff, 0x18, 0x3b, 0x56, 0xff, 0x18, 0x3b, 0x56, 0xff,
    0x18, 0x3b, 0x56, 0xff, 0x18, 0x3b, 0x56, 0xff, 0x18, 0x3b, 0x56, 0xff, 0x18, 0x3b, 0x56, 0xff,
    0x18, 0x3b, 0x56, 0xff, 0x18, 0x3b, 0x56, 0xff, 0x18, 0x3b, 0x56, 0xff, 0x18, 0x3b, 0x56, 0xff,
    0x18, 0x3b, 0x56, 0xff, 0x18, 0x3b, 0x56, 0xff, 0x18, 0x3b, 0x56, 0xff, 0x18, 0x3b, 0x56, 0xff,
    0x18, 0x3b, 0x56, 0xff, 0x18, 0x3b, 0x56, 0xff, 0x18, 0x3b, 0x56, 0xff, 0x18, 0x3b, 0x56, 0xff,
    0x18, 0x3b, 0x56, 0xff, 0x18, 0x3b, 0x56, 0xff, 0x18, 0x3b, 0x56, 0xff, 0x18, 0x3b, 0x56, 0xff,
    0x18, 0x3b, 0x56, 0xff, 0x18, 0x3b, 0x56, 0xff, 0x18, 0x3b, 0x56, 0xff, 0x18, 0x3b, 0x56, 0xff,
    0x18, 0x3b, 0x56, 0xff, 0x18, 0x3b, 0x56, 0xff, 0x18, 0x3b, 0x56, 0xff, 0x18, 0x3b, 0x56, 0xff,
    0x18, 0x3b, 0x55, 0xfd, 0x18, 0x3a, 0x55, 0xfb, 0x18, 0x3b, 0x57, 0xff, 0x1a, 0x40, 0x5d, 0xff,
    0x18, 0x3c, 0x57, 0xbd, 0x18, 0x3c, 0x55, 0x15, 0x00, 0x00, 0x00, 0x00, 0x00, 0x00, 0x7f, 0x02,
    0x00, 0x00, 0x00, 0x00, 0x00, 0x00, 0x00, 0x00, 0x00, 0x00, 0x00, 0x00, 0x00, 0x00, 0x00, 0x00,
    0x00, 0x00, 0x00, 0x00, 0x00, 0x00, 0x00, 0x00, 0x00, 0x00, 0x00, 0x00, 0x00, 0x00, 0x00, 0x00,
    0x00, 0x00, 0x00, 0x00, 0x00, 0x00, 0x7f, 0x02, 0x00, 0x00, 0x00, 0x00, 0x00, 0x00, 0x00, 0x00,
    0x17, 0x3b, 0x56, 0x79, 0x18, 0x3c, 0x58, 0xf0, 0x1a, 0x3f, 0x5c, 0xff, 0x19, 0x3d, 0x59, 0xff,
    0x18, 0x3b, 0x56, 0xff, 0x18, 0x3a, 0x56, 0xfc, 0x18, 0x3a, 0x56, 0xfb, 0x18, 0x3a, 0x56, 0xfb,
    0x18, 0x3a, 0x56, 0xfb, 0x18, 0x3a, 0x56, 0xfb, 0x18, 0x3a, 0x56, 0xfb, 0x18, 0x3a, 0x56, 0xfb,
    0x18, 0x3a, 0x56, 0xfb, 0x18, 0x3a, 0x56, 0xfb, 0x18, 0x3a, 0x56, 0xfb, 0x18, 0x3a, 0x56, 0xfb,
    0x18, 0x3a, 0x56, 0xfb, 0x18, 0x3a, 0x56, 0xfb, 0x18, 0x3a, 0x56, 0xfb, 0x18, 0x3a, 0x56, 0xfb,
    0x18, 0x3a, 0x56, 0xfb, 0x18, 0x3a, 0x56, 0xfb, 0x18, 0x3a, 0x56, 0xfb, 0x18, 0x3a, 0x56, 0xfb,
    0x18, 0x3a, 0x56, 0xfb, 0x18, 0x3a, 0x56, 0xfb, 0x18, 0x3a, 0x56, 0xfb, 0x18, 0x3a, 0x56, 0xfb,
    0x18, 0x3a, 0x56, 0xfb, 0x18, 0x3a, 0x56, 0xfb, 0x18, 0x3a, 0x56, 0xfb, 0x18, 0x3a, 0x56, 0xfb,
    0x18, 0x3a, 0x56, 0xfb, 0x18, 0x3a, 0x56, 0xfb, 0x18, 0x3a, 0x56, 0xfb, 0x18, 0x3a, 0x56, 0xfb,
    0x18, 0x3a, 0x56, 0xfb, 0x18, 0x3a, 0x56, 0xfb, 0x18, 0x3a, 0x56, 0xfb, 0x18, 0x3a, 0x56, 0xfb,
    0x18, 0x3a, 0x56, 0xfb, 0x18, 0x3a, 0x56, 0xfb, 0x18, 0x3a, 0x56, 0xfb, 0x18, 0x3b, 0x56, 0xfe,
    0x19, 0x3d, 0x59, 0xff, 0x1a, 0x3f, 0x5c, 0xff, 0x19, 0x3d, 0x58, 0xf2, 0x18, 0x3d, 0x57, 0x7d,
    0x00, 0x00, 0x00, 0x02, 0x00, 0x00, 0x00, 0x00, 0x00, 0x00, 0x7f, 0x02, 0x00, 0x00, 0x00, 0x00,
    0x00, 0x00, 0x00, 0x00, 0x00, 0x00, 0x00, 0x00, 0x00, 0x00, 0x00, 0x00, 0x00, 0x00, 0x00, 0x00,
    0x00, 0x00, 0x00, 0x00, 0x00, 0x00, 0x00, 0x00, 0x00, 0x00, 0x00, 0x00, 0x00, 0x00, 0x00, 0x00,
    0x00, 0x00, 0x00, 0x00, 0x00, 0x00, 0x00, 0x00, 0x00, 0x00, 0x00, 0x01, 0x00, 0x00, 0x00, 0x01,
    0x00, 0x00, 0x00, 0x00, 0x18, 0x39, 0x52, 0x1f, 0x18, 0x3d, 0x58, 0x85, 0x18, 0x3c, 0x57, 0xd8,
    0x19, 0x3c, 0x58, 0xff, 0x1a, 0x3f, 0x5c, 0xff, 0x1a, 0x3f, 0x5c, 0xff, 0x1a, 0x3f, 0x5c, 0xff,
    0x1a, 0x3f, 0x5c, 0xff, 0x1a, 0x3f, 0x5c, 0xff, 0x1a, 0x3f, 0x5c, 0xff, 0x1a, 0x3f, 0x5c, 0xff,
    0x1a, 0x3f, 0x5c, 0xff, 0x1a, 0x3f, 0x5c, 0xff, 0x1a, 0x3f, 0x5c, 0xff, 0x1a, 0x3f, 0x5c, 0xff,
    0x1a, 0x3f, 0x5c, 0xff, 0x1a, 0x3f, 0x5c, 0xff, 0x1a, 0x3f, 0x5c, 0xff, 0x1a, 0x3f, 0x5c, 0xff,
    0x1a, 0x3f, 0x5c, 0xff, 0x1a, 0x3f, 0x5c, 0xff, 0x1a, 0x3f, 0x5c, 0xff, 0x1a, 0x3f, 0x5c, 0xff,
    0x1a, 0x3f, 0x5c, 0xff, 0x1a, 0x3f, 0x5c, 0xff, 0x1a, 0x3f, 0x5c, 0xff, 0x1a, 0x3f, 0x5c, 0xff,
    0x1a, 0x3f, 0x5c, 0xff, 0x1a, 0x3f, 0x5c, 0xff, 0x1a, 0x3f, 0x5c, 0xff, 0x1a, 0x3f, 0x5c, 0xff,
    0x1a, 0x3f, 0x5c, 0xff, 0x1a, 0x3f, 0x5c, 0xff, 0x1a, 0x3f, 0x5c, 0xff, 0x1a, 0x3f, 0x5c, 0xff,
    0x1a, 0x3f, 0x5c, 0xff, 0x1a, 0x3f, 0x5c, 0xff, 0x1a, 0x3f, 0x5c, 0xff, 0x1a, 0x3f, 0x5c, 0xff,
    0x1a, 0x3f, 0x5c, 0xff, 0x1a, 0x3f, 0x5c, 0xff, 0x1a, 0x3f, 0x5c, 0xff, 0x19, 0x3c, 0x58, 0xff,
    0x18, 0x3b, 0x57, 0xda, 0x18, 0x3c, 0x58, 0x88, 0x16, 0x3c, 0x52, 0x22, 0x00, 0x00, 0x00, 0x00,
    0x00, 0x00, 0x00, 0x00, 0x00, 0x00, 0x00, 0x01, 0x00, 0x00, 0x00, 0x00, 0x00, 0x00, 0x00, 0x00,
    0x00, 0x00, 0x00, 0x00, 0x00, 0x00, 0x00, 0x00, 0x00, 0x00, 0x00, 0x00, 0x00, 0x00, 0x00, 0x00,
    0x00, 0x00, 0x00, 0x00, 0x00, 0x00, 0x00, 0x00, 0x00, 0x00, 0x00, 0x00, 0x00, 0x00, 0x00, 0x00,
    0x00, 0x00, 0x00, 0x00, 0x00, 0x00, 0x00, 0x00, 0x00, 0x00, 0x00, 0x00, 0x00, 0x00, 0x00, 0x00,
    0x00, 0x55, 0x55, 0x03, 0x00, 0x00, 0x00, 0x00, 0x00, 0x00, 0x00, 0x00, 0x00, 0x33, 0x66, 0x05,
    0x19, 0x3d, 0x56, 0x32, 0x18, 0x3b, 0x58, 0x5f, 0x18, 0x3b, 0x58, 0x7c, 0x18, 0x3c, 0x56, 0x88,
    0x18, 0x3a, 0x56, 0x88, 0x18, 0x3a, 0x56, 0x88, 0x18, 0x3a, 0x56, 0x88, 0x18, 0x3a, 0x56, 0x88,
    0x18, 0x3a, 0x56, 0x88, 0x18, 0x3a, 0x56, 0x88, 0x18, 0x3a, 0x56, 0x88, 0x18, 0x3a, 0x56, 0x88,
    0x18, 0x3a, 0x56, 0x88, 0x18, 0x3a, 0x56, 0x88, 0x18, 0x3a, 0x56, 0x88, 0x18, 0x3a, 0x56, 0x88,
    0x18, 0x3a, 0x56, 0x88, 0x18, 0x3a, 0x56, 0x88, 0x18, 0x3a, 0x56, 0x88, 0x18, 0x3a, 0x56, 0x88,
    0x18, 0x3a, 0x56, 0x88, 0x18, 0x3a, 0x56, 0x88, 0x18, 0x3a, 0x56, 0x88, 0x18, 0x3a, 0x56, 0x88,
    0x18, 0x3a, 0x56, 0x88, 0x18, 0x3a, 0x56, 0x88, 0x18, 0x3a, 0x56, 0x88, 0x18, 0x3a, 0x56, 0x88,
    0x18, 0x3a, 0x56, 0x88, 0x18, 0x3a, 0x56, 0x88, 0x18, 0x3a, 0x56, 0x88, 0x18, 0x3a, 0x56, 0x88,
    0x18, 0x3a, 0x56, 0x88, 0x18, 0x3a, 0x56, 0x88, 0x18, 0x3a, 0x56, 0x88, 0x18, 0x3a, 0x56, 0x88,
    0x18, 0x3c, 0x56, 0x88, 0x18, 0x3b, 0x57, 0x7d, 0x17, 0x3d, 0x57, 0x60, 0x18, 0x3a, 0x58, 0x34,
    0x00, 0x2a, 0x55, 0x06, 0x00, 0x00, 0x00, 0x00, 0x00, 0x00, 0x00, 0x00, 0x00, 0x55, 0x55, 0x03,
    0x00, 0x00, 0x00, 0x00, 0x00, 0x00, 0x00, 0x00, 0x00, 0x00, 0x00, 0x00, 0x00, 0x00, 0x00, 0x00,
    0x00, 0x00, 0x00, 0x00, 0x00, 0x00, 0x00, 0x00, 0x00, 0x00, 0x00, 0x00, 0x00, 0x00, 0x00, 0x00,
    0x00, 0x00, 0x00, 0x00, 0x00, 0x00, 0x00, 0x00, 0x00, 0x00, 0x00, 0x00, 0x00, 0x00, 0x00, 0x00,
    0x00, 0x00, 0x00, 0x00, 0x00, 0x00, 0x00, 0x00, 0x00, 0x00, 0x00, 0x00, 0x00, 0x00, 0x00, 0x00,
    0x00, 0x00, 0x00, 0x00, 0x00, 0x00, 0x7f, 0x02, 0x00, 0x3f, 0x3f, 0x04, 0x00, 0x00, 0x00, 0x00,
    0x00, 0x00, 0x00, 0x00, 0x00, 0x00, 0x00, 0x00, 0x00, 0x00, 0x00, 0x00, 0x00, 0x00, 0x00, 0x00,
    0x00, 0x00, 0x00, 0x00, 0x00, 0x00, 0x00, 0x00, 0x00, 0x00, 0x00, 0x00, 0x00, 0x00, 0x00, 0x00,
    0x00, 0x00, 0x00, 0x00, 0x00, 0x00, 0x00, 0x00, 0x00, 0x00, 0x00, 0x00, 0x00, 0x00, 0x00, 0x00,
    0x00, 0x00, 0x00, 0x00, 0x00, 0x00, 0x00, 0x00, 0x00, 0x00, 0x00, 0x00, 0x00, 0x00, 0x00, 0x00,
    0x00, 0x00, 0x00, 0x00, 0x00, 0x00, 0x00, 0x00, 0x00, 0x00, 0x00, 0x00, 0x00, 0x00, 0x00, 0x00,
    0x00, 0x00, 0x00, 0x00, 0x00, 0x00, 0x00, 0x00, 0x00, 0x00, 0x00, 0x00, 0x00, 0x00, 0x00, 0x00,
    0x00, 0x00, 0x00, 0x00, 0x00, 0x00, 0x00, 0x00, 0x00, 0x00, 0x00, 0x00, 0x00, 0x00, 0x00, 0x00,
    0x00, 0x00, 0x00, 0x00, 0x00, 0x00, 0x00, 0x00, 0x00, 0x00, 0x00, 0x00, 0x00, 0x00, 0x00, 0x00,
    0x00, 0x00, 0x00, 0x00, 0x00, 0x00, 0x00, 0x00, 0x00, 0x00, 0x00, 0x00, 0x00, 0x00, 0x00, 0x00,
    0x00, 0x00, 0x00, 0x00, 0x00, 0x00, 0x00, 0x00, 0x00, 0x00, 0x00, 0x00, 0x00, 0x00, 0x00, 0x00,
    0x00, 0x00, 0x00, 0x00, 0x00, 0x3f, 0x3f, 0x04, 0x00, 0x00, 0x7f, 0x02, 0x00, 0x00, 0x00, 0x00,
    0x00, 0x00, 0x00, 0x00, 0x00, 0x00, 0x00, 0x00, 0x00, 0x00, 0x00, 0x00, 0x00, 0x00, 0x00, 0x00,
    0x00, 0x00, 0x00, 0x00, 0x00, 0x00, 0x00, 0x00, 0x00, 0x00, 0x00, 0x00, 0x00, 0x00, 0x00, 0x00,
    0x00, 0x00, 0x00, 0x00, 0x00, 0x00, 0x00, 0x00, 0x00, 0x00, 0x00, 0x00, 0x00, 0x00, 0x00, 0x00,
    0x00, 0x00, 0x00, 0x00, 0x00, 0x00, 0x00, 0x00, 0x00, 0x00, 0x00, 0x00, 0x00, 0x00, 0x00, 0x00,
    0x00, 0x00, 0x00, 0x00, 0x00, 0x00, 0x00, 0x00, 0x00, 0x00, 0x00, 0x00, 0x00, 0x00, 0x00, 0x01,
    0x00, 0x55, 0x55, 0x03, 0x00, 0x3f, 0x3f, 0x04, 0x00, 0x3f, 0x7f, 0x04, 0x00, 0x3f, 0x7f, 0x04,
    0x00, 0x33, 0x66, 0x05, 0x00, 0x33, 0x66, 0x05, 0x00, 0x33, 0x66, 0x05, 0x00, 0x33, 0x66, 0x05,
    0x00, 0x33, 0x66, 0x05, 0x00, 0x33, 0x66, 0x05, 0x00, 0x33, 0x66, 0x05, 0x00, 0x33, 0x66, 0x05,
    0x00, 0x33, 0x66, 0x05, 0x00, 0x33, 0x66, 0x05, 0x00, 0x33, 0x66, 0x05, 0x00, 0x33, 0x66, 0x05,
    0x00, 0x33, 0x66, 0x05, 0x00, 0x33, 0x66, 0x05, 0x00, 0x33, 0x66, 0x05, 0x00, 0x33, 0x66, 0x05,
    0x00, 0x33, 0x66, 0x05, 0x00, 0x33, 0x66, 0x05, 0x00, 0x33, 0x66, 0x05, 0x00, 0x33, 0x66, 0x05,
    0x00, 0x33, 0x66, 0x05, 0x00, 0x33, 0x66, 0x05, 0x00, 0x33, 0x66, 0x05, 0x00, 0x33, 0x66, 0x05,
    0x00, 0x33, 0x66, 0x05, 0x00, 0x33, 0x66, 0x05, 0x00, 0x33, 0x66, 0x05, 0x00, 0x33, 0x66, 0x05,
    0x00, 0x33, 0x66, 0x05, 0x00, 0x33, 0x66, 0x05, 0x00, 0x33, 0x66, 0x05, 0x00, 0x33, 0x66, 0x05,
    0x00, 0x3f, 0x7f, 0x04, 0x00, 0x3f, 0x7f, 0x04, 0x00, 0x3f, 0x3f, 0x04, 0x00, 0x55, 0x55, 0x03,
    0x00, 0x00, 0x00, 0x01, 0x00, 0x00, 0x00, 0x00, 0x00, 0x00, 0x00, 0x00, 0x00, 0x00, 0x00, 0x00,
    0x00, 0x00, 0x00, 0x00, 0x00, 0x00, 0x00, 0x00, 0x00, 0x00, 0x00, 0x00, 0x00, 0x00, 0x00, 0x00,
    0x00, 0x00, 0x00, 0x00, 0x00, 0x00, 0x00, 0x00, 0x00, 0x00, 0x00, 0x00, 0x00, 0x00, 0x00, 0x00,
};
#endif
